"NS","ND","NF","Entropy","LA","LD","LT","SOL","NTM","FN","NDEV","AGE","EXP","REXP","Complexity","if_add","if_del","if_chg","elseif_add","elseif_del","else_add","else_del","else_chg","for_add","for_del","for_chg","while_add","while_del","while_chg","do_chg","break_add","break_del","continue_del","switch_del","switch_chg","case_add","case_del","case_chg","default_add","default_del","return_add","return_del","try_add","try_del","try_chg","catch_add","catch_del","throw_add","throw_del","throw_chg","throws_add","throws_del","finally_add","final_add","final_del","static_add","static_del","synchronized_add","synchronized_del","synchronized_chg","loop_add","loop_del","loop_chg","expVariable_add","expVariable_del","expParameter_add","expParameter_del","externalCall_add","externalCall_del","average_time","Runtime","Cpu_user","Cpu_sys","Mem_rss","Mem_vms","Io_read","Io_write"
0,17,0,13,0,0,0,14,19,12,10,7,24,23,16,9,0,0,0,0,0,0,0,0,0,1,0,0,6,0,0,0,0,0,0,0,0,0,0,0,0,0,20,0,15,0,0,0,22,8,0,0,0,0,0,3,25,0,11,0,4,2,0,0,18,5,0,21,0,0,0,0,0,0,0,0,0
0,17,0,12,0,0,0,9,10,8,16,1,25,23,18,15,0,0,0,0,0,0,0,0,0,2,0,0,5,0,0,0,0,0,0,0,0,0,0,0,0,0,21,20,19,0,0,0,22,11,0,0,0,0,0,3,24,0,0,0,7,4,0,0,13,6,0,14,0,0,0,0,0,0,0,0,0
0,21,0,8,0,0,0,16,11,6,12,2,23,24,17,18,0,0,0,0,0,0,0,0,0,1,0,0,14,0,0,0,0,0,0,0,0,0,0,0,0,0,13,0,10,0,0,0,20,0,0,0,0,0,0,5,25,0,19,0,15,7,0,4,3,9,0,22,0,0,0,0,0,0,0,0,0
0,18,0,9,0,0,0,12,13,19,14,5,24,22,11,8,0,0,0,0,0,0,0,0,0,1,0,0,6,0,0,0,0,0,0,0,0,0,0,0,0,0,20,0,17,0,0,0,21,0,0,0,0,0,0,2,23,0,15,0,7,4,0,10,3,0,0,16,0,0,0,0,0,0,0,0,0
0,11,0,7,0,0,0,21,22,13,14,12,23,24,9,16,0,0,0,0,0,0,0,0,0,4,0,0,6,0,0,0,0,0,0,0,0,0,0,0,0,0,17,0,15,0,0,0,20,8,0,0,0,0,0,3,25,0,10,0,0,2,0,1,18,5,0,19,0,0,0,0,0,0,0,0,0
0,15,0,7,0,0,0,20,22,17,14,1,25,19,18,12,0,0,0,0,0,0,0,0,0,2,0,0,5,0,0,0,0,0,0,0,0,0,0,0,0,0,23,11,16,0,0,0,24,9,0,0,0,0,0,3,26,0,8,0,10,6,0,0,4,13,0,21,0,0,0,0,0,0,0,0,0
0,15,0,4,0,2,0,13,0,17,5,3,14,9,6,7,0,0,0,0,12,0,0,0,0,0,0,0,0,0,0,0,0,0,0,0,0,0,0,0,0,0,20,0,0,0,0,0,1,11,0,0,0,0,0,8,21,0,18,0,0,10,0,0,0,0,19,16,0,0,0,0,0,0,0,0,0
0,15,0,3,0,1,0,8,0,18,5,4,21,12,6,9,0,0,0,0,14,0,0,0,0,0,0,0,0,0,0,0,0,17,0,0,0,0,0,0,0,0,20,0,0,0,0,0,2,13,0,0,0,0,0,7,23,0,22,0,0,11,0,0,0,16,19,10,0,0,0,0,0,0,0,0,0
0,19,8,2,0,3,0,13,0,7,5,4,18,11,0,0,0,0,0,0,16,0,0,0,0,0,0,0,0,0,0,0,0,0,0,0,0,0,0,0,15,0,0,0,0,0,0,0,1,12,0,0,0,0,0,6,21,0,20,0,9,10,0,0,0,14,0,17,0,0,0,0,0,0,0,0,0
0,14,11,2,0,3,0,8,0,9,5,4,17,7,0,0,0,0,0,0,20,0,0,0,0,0,0,0,0,0,0,0,0,18,0,0,0,0,0,0,22,0,0,0,0,0,0,0,1,12,0,0,0,0,0,6,21,0,19,0,10,13,0,0,0,15,0,16,0,0,0,0,0,0,0,0,0
0,18,0,3,0,2,0,11,0,12,7,4,9,6,5,0,0,0,10,0,15,0,0,0,0,0,0,0,0,0,0,0,0,20,0,0,0,0,0,0,21,0,0,0,0,0,0,0,1,13,0,0,0,0,0,8,23,0,22,0,14,16,0,0,0,17,0,19,0,0,0,0,0,0,0,0,0
0,20,14,1,8,0,0,11,0,13,7,4,9,2,6,0,0,0,10,0,18,0,0,0,0,0,0,0,0,0,0,0,0,19,0,0,0,0,0,0,23,0,0,0,0,0,0,0,3,21,0,0,0,0,0,5,24,0,22,0,12,17,0,0,0,15,0,16,0,0,0,0,0,0,0,0,0
0,16,12,3,10,0,0,18,0,13,7,5,2,0,6,0,0,0,11,0,14,0,0,0,0,0,0,0,0,0,0,0,8,20,0,0,0,0,0,0,21,0,0,0,0,0,0,0,4,19,0,0,0,0,0,1,23,0,22,0,0,0,0,0,0,17,0,15,9,0,0,0,0,0,0,0,0
0,21,13,2,9,0,0,12,0,16,8,6,7,1,5,0,0,0,14,0,15,0,0,0,0,0,0,0,0,0,0,0,11,20,0,0,0,0,0,0,23,0,0,0,0,0,0,0,3,17,0,0,0,0,0,4,24,0,22,0,0,0,0,0,0,19,0,18,10,0,0,0,0,0,0,0,0
0,19,15,4,9,0,0,13,0,18,8,3,6,1,7,0,0,0,12,0,20,0,0,0,0,0,0,0,0,0,0,0,11,21,0,0,0,0,0,0,23,0,0,0,0,0,0,0,2,17,0,0,0,0,0,5,24,0,22,0,0,0,0,0,0,16,0,14,10,0,0,0,0,0,0,0,0
0,22,19,2,11,3,0,14,0,17,10,6,5,1,8,13,0,0,18,0,25,0,0,0,0,9,0,0,0,0,0,0,20,0,0,24,0,0,0,0,29,0,0,0,0,28,0,0,4,26,0,0,0,0,0,7,31,16,27,0,12,0,0,0,0,23,30,21,15,0,0,0,0,0,0,0,0
0,25,17,2,11,6,0,13,0,19,9,3,8,1,10,14,0,0,18,0,23,0,0,0,0,5,0,0,0,0,0,0,15,0,0,21,0,0,0,0,28,0,0,0,0,24,0,0,4,22,0,0,0,0,0,7,30,20,0,0,16,0,0,0,0,27,29,26,12,0,0,0,0,0,0,0,0
0,22,14,2,8,0,0,13,0,17,7,5,0,1,0,12,0,0,11,0,20,0,0,0,0,3,0,0,0,0,0,0,10,0,0,15,21,0,0,0,24,27,0,0,16,23,0,0,4,0,0,0,0,0,0,6,28,18,25,0,0,0,0,0,0,0,26,19,9,0,0,0,0,0,0,0,0
0,19,13,1,9,0,0,17,0,14,7,5,3,0,0,15,0,0,10,0,20,0,0,0,0,6,0,0,0,0,0,0,0,0,0,16,22,0,0,0,27,24,0,0,21,23,0,0,4,0,0,0,0,0,0,2,28,12,26,0,11,0,0,0,0,0,25,18,8,0,0,0,0,0,0,0,0
0,25,21,2,13,5,0,17,0,18,11,3,9,1,8,19,14,0,23,0,24,0,0,0,0,10,0,0,0,0,0,0,16,27,0,22,0,0,0,0,33,32,0,0,26,31,0,0,6,28,0,0,0,0,0,7,34,20,29,0,15,0,0,0,0,0,30,4,12,0,0,0,0,0,0,0,0
0,27,16,2,14,5,0,15,0,23,12,4,8,1,11,17,0,0,22,0,26,0,0,0,0,10,0,0,0,0,0,0,21,30,0,24,0,0,0,0,25,34,0,0,28,31,0,0,6,29,20,0,0,0,33,7,36,18,32,0,19,9,0,0,0,0,35,3,13,0,0,0,0,0,0,0,0
0,21,13,1,10,0,0,16,0,17,0,4,8,2,0,14,0,0,15,0,23,0,0,0,0,6,0,0,0,0,0,0,19,0,0,20,25,0,0,0,29,31,0,0,22,24,0,0,5,26,12,0,0,0,30,7,32,18,28,0,0,11,0,0,0,0,27,3,9,0,0,0,0,0,0,0,0
0,23,18,1,10,0,0,15,0,19,0,4,8,2,0,13,0,0,14,0,20,0,0,0,0,7,25,0,0,0,0,0,16,0,0,21,24,0,0,0,29,26,0,0,22,28,0,0,5,0,12,0,0,0,31,6,32,17,27,0,0,11,0,0,0,0,30,3,9,0,0,0,0,0,0,0,0
0,22,13,1,10,0,0,14,0,20,0,5,8,2,0,12,0,0,16,0,21,0,0,0,0,6,0,0,0,0,0,0,19,0,0,18,24,0,0,0,28,27,0,0,23,25,0,0,4,0,17,0,0,0,30,7,31,15,29,0,0,11,0,0,0,0,26,3,9,0,0,0,0,0,0,0,0
0,28,15,1,11,0,0,17,0,20,0,5,9,2,0,12,0,0,13,0,21,0,0,0,0,6,26,0,0,0,0,0,16,0,0,18,23,0,0,0,25,31,0,0,22,24,0,0,4,27,19,0,0,0,32,7,33,14,29,0,0,10,0,0,0,0,30,3,8,0,0,0,0,0,0,0,0
0,22,19,1,12,0,0,16,0,17,10,7,3,0,0,15,0,0,11,0,21,0,0,0,0,6,0,0,0,0,0,0,13,0,0,18,24,0,0,0,30,25,0,0,20,26,0,0,5,27,23,0,0,0,31,2,32,14,29,0,0,9,0,0,0,0,28,4,8,0,0,0,0,0,0,0,0
0,23,20,2,13,0,0,17,0,19,11,6,3,0,0,14,0,0,8,0,22,0,0,0,0,7,26,0,0,0,0,0,12,0,0,18,25,0,0,0,24,29,0,0,21,28,0,0,5,0,16,0,0,0,31,1,32,15,27,0,0,9,0,0,0,0,30,4,10,0,0,0,0,0,0,0,0
0,23,15,1,11,0,0,18,0,16,9,5,4,0,0,17,0,0,12,0,21,0,0,0,0,6,25,0,0,0,0,0,14,0,0,19,24,0,0,0,31,29,0,0,22,27,0,0,7,26,20,0,0,0,32,2,33,13,28,0,0,10,0,0,0,0,30,3,8,0,0,0,0,0,0,0,0
0,22,21,1,11,0,0,13,0,17,9,6,4,0,0,14,0,0,12,0,20,0,0,0,0,5,26,0,0,0,0,0,16,0,0,18,0,0,0,0,31,28,0,0,23,24,0,0,7,25,15,0,0,0,30,2,32,19,27,0,0,10,0,0,0,0,29,3,8,0,0,0,0,0,0,0,0
0,28,19,1,12,0,0,16,0,17,10,6,4,0,0,15,0,0,11,0,22,0,0,0,0,7,24,0,0,0,0,0,13,0,0,18,23,0,0,0,27,29,0,0,21,31,0,0,5,25,20,0,0,0,32,2,33,14,30,0,0,9,0,0,0,0,26,3,8,0,0,0,0,0,0,0,0
0,23,18,1,13,0,0,15,0,20,8,6,4,0,0,16,0,0,11,0,22,0,0,0,0,7,27,0,0,0,0,0,12,0,0,17,24,0,0,0,25,30,0,0,21,29,0,0,5,26,19,0,0,0,32,2,33,14,28,0,0,10,0,0,0,0,31,3,9,0,0,0,0,0,0,0,0
0,20,17,1,14,0,0,16,0,21,10,7,4,0,0,13,0,0,11,0,22,0,0,0,0,5,0,0,0,0,0,0,12,0,0,19,26,0,0,0,24,29,0,0,23,27,0,0,6,25,18,0,0,0,31,2,32,15,28,0,0,8,0,0,0,0,30,3,9,0,0,0,0,0,0,0,0
0,23,20,2,11,0,0,17,0,18,9,7,4,0,0,15,0,0,12,0,21,0,0,0,0,6,0,0,0,0,0,0,14,0,0,16,24,0,0,0,25,28,0,0,22,27,0,0,5,26,19,0,0,0,31,1,32,13,30,0,0,10,0,0,0,0,29,3,8,0,0,0,0,0,0,0,0
0,24,20,1,13,0,0,15,0,18,9,5,4,0,0,12,0,0,11,0,21,0,0,0,0,6,26,0,0,0,0,0,14,0,0,17,23,0,0,0,28,30,0,0,22,31,0,0,7,25,19,0,0,0,32,2,33,16,27,0,0,10,0,0,0,0,29,3,8,0,0,0,0,0,0,0,0
0,27,17,1,11,0,0,15,0,19,10,3,5,0,0,16,0,0,12,0,21,0,0,0,0,6,26,0,0,23,0,0,13,0,0,20,25,0,0,0,28,30,0,0,22,31,0,0,7,24,18,0,0,0,33,2,34,14,29,0,0,9,0,0,0,0,32,4,8,0,0,0,0,0,0,0,0
0,29,16,1,12,0,0,13,0,21,9,7,4,0,0,18,0,0,10,0,20,0,0,0,0,5,25,0,0,0,0,0,14,0,0,19,23,0,0,0,28,24,0,0,22,27,0,0,6,26,17,0,0,0,31,2,33,15,30,0,0,11,0,0,0,0,32,3,8,0,0,0,0,0,0,0,0
0,23,16,1,11,0,0,17,0,20,10,4,5,0,0,15,0,0,12,0,21,0,0,0,0,7,0,0,0,24,0,0,13,0,0,19,26,0,0,0,27,28,0,0,22,31,0,0,6,0,18,0,0,0,29,2,32,14,25,0,0,8,0,0,0,0,30,3,9,0,0,0,0,0,0,0,0
0,23,17,1,14,0,0,20,0,18,11,6,4,0,0,15,0,0,10,0,21,0,0,0,0,5,25,0,0,0,0,0,13,0,0,19,0,0,0,0,30,28,0,0,22,26,0,0,7,24,16,0,0,0,31,2,32,12,29,0,0,9,0,0,0,0,27,3,8,0,0,0,0,0,0,0,0
0,23,18,2,14,0,0,12,0,20,8,5,4,0,0,15,0,0,11,0,22,0,0,0,0,7,0,0,0,29,19,0,13,0,0,0,26,0,0,0,24,30,0,0,21,28,0,0,6,25,17,0,0,0,31,1,33,16,27,0,0,10,0,0,0,0,32,3,9,0,0,0,0,0,0,0,0
0,22,17,1,13,0,0,14,0,18,9,4,6,0,0,15,0,0,11,0,21,0,0,0,0,7,27,0,0,25,19,0,12,0,0,0,24,0,0,0,29,31,0,0,23,30,0,0,5,26,20,0,0,0,33,2,34,16,28,0,0,10,0,0,0,0,32,3,8,0,0,0,0,0,0,0,0
0,26,17,1,14,0,0,13,0,21,10,4,6,0,0,16,0,0,11,0,22,0,0,0,0,5,0,0,0,24,18,0,12,0,0,0,23,0,0,0,25,31,0,0,19,29,0,0,7,27,15,0,0,0,32,2,33,20,28,0,0,9,0,0,0,0,30,3,8,0,0,0,0,0,0,0,0
0,29,20,1,13,0,0,12,0,19,11,4,5,0,0,16,0,0,10,0,22,0,0,0,0,6,0,0,0,26,18,0,15,0,0,0,24,0,0,0,30,31,33,0,23,28,0,0,7,27,17,0,0,0,34,2,35,21,32,0,14,8,0,0,0,0,25,3,9,0,0,0,0,0,0,0,0
0,28,20,1,13,0,0,12,0,19,11,3,5,0,0,16,0,0,10,0,23,0,0,0,0,6,0,0,0,25,17,0,15,0,0,0,24,0,0,0,29,32,26,0,21,33,0,0,7,0,18,0,0,0,31,2,34,22,30,0,14,9,0,0,0,0,27,4,8,0,0,0,0,0,0,0,0
0,27,18,1,14,0,0,10,0,19,12,4,5,0,0,17,0,0,11,0,23,0,0,0,0,6,0,0,0,25,16,0,15,0,0,0,24,0,0,0,30,32,26,0,22,33,0,0,7,28,21,0,0,0,34,2,35,20,31,0,13,8,0,0,0,0,29,3,9,0,0,0,0,0,0,0,0
0,23,19,1,12,0,0,14,0,22,8,5,4,0,0,16,0,0,11,0,20,0,0,0,0,6,28,0,0,28,18,0,15,0,0,0,25,0,0,0,26,32,31,0,24,30,0,0,7,28,17,0,0,0,35,2,36,21,34,0,13,9,0,0,0,0,33,3,10,0,0,0,0,0,0,0,0
0,29,18,1,14,0,0,13,0,19,12,4,6,0,0,17,0,0,10,0,22,0,0,0,0,5,26,0,0,31,20,0,15,0,0,0,24,0,0,0,25,34,32,0,23,30,0,0,7,27,16,0,0,0,33,2,36,21,28,0,11,8,0,0,0,0,35,3,9,0,0,0,0,0,0,0,0
0,21,19,1,15,0,0,12,0,25,11,4,5,0,0,16,0,0,10,0,20,0,0,0,0,6,0,0,0,0,17,0,14,0,0,0,24,0,0,0,27,26,28,0,23,29,0,0,8,31,18,0,0,0,32,2,34,22,33,0,13,9,0,0,0,0,30,3,7,0,0,0,0,0,0,0,0
0,21,20,1,14,0,0,12,0,18,11,4,6,0,0,16,0,0,9,0,24,0,0,0,0,5,0,0,0,0,19,0,15,0,0,0,25,0,0,0,27,33,30,0,22,26,0,0,7,28,17,0,0,0,32,2,34,23,31,0,13,8,0,0,0,0,29,3,10,0,0,0,0,0,0,0,0
0,23,17,2,14,0,0,18,0,22,11,3,5,0,0,13,0,0,10,0,20,0,0,0,0,7,28,0,0,0,16,0,15,0,0,0,27,0,0,0,31,29,30,0,24,32,0,0,6,25,19,0,0,0,34,1,35,21,33,0,12,9,0,0,0,0,26,4,8,0,0,0,0,0,0,0,0
0,23,24,1,13,0,0,16,0,22,10,3,5,0,0,14,0,0,11,0,19,0,0,0,0,6,0,0,0,0,18,0,15,0,0,0,25,0,0,0,30,31,28,0,21,27,0,0,9,26,17,0,0,0,32,2,34,20,33,0,12,7,0,0,0,0,29,4,8,0,0,0,0,0,0,0,0
0,24,18,1,12,0,0,14,0,17,10,3,5,0,0,16,0,0,11,0,23,0,0,0,0,6,0,0,0,29,20,0,15,0,0,0,25,0,0,0,31,30,28,0,21,32,0,0,7,26,19,0,0,0,34,2,35,22,27,0,13,8,0,0,0,0,33,4,9,0,0,0,0,0,0,0,0
0,25,19,1,12,0,0,15,0,21,11,3,5,0,0,18,0,0,9,0,20,0,0,0,0,6,0,0,0,0,17,0,14,0,0,0,24,0,0,0,26,30,27,0,23,28,0,0,7,0,16,0,0,0,32,2,33,22,29,0,13,10,0,0,0,0,31,4,8,0,0,0,0,0,0,0,0
0,25,16,1,11,0,0,17,0,20,12,3,6,0,0,14,0,0,10,0,22,0,0,0,0,5,0,0,0,0,19,0,15,0,0,0,23,0,0,0,26,28,27,0,24,31,0,0,7,0,18,0,0,0,32,2,33,21,29,0,13,8,0,0,0,0,30,4,9,0,0,0,0,0,0,0,0
0,25,17,1,15,0,0,16,0,22,10,5,4,0,0,13,0,0,11,0,23,0,0,0,0,6,0,0,0,27,19,0,14,0,0,0,28,0,0,0,24,33,26,0,20,31,0,0,7,0,18,0,0,0,32,2,34,21,30,0,12,8,0,0,0,0,29,3,9,0,0,0,0,0,0,0,0
0,25,18,1,13,0,0,15,0,19,10,4,5,0,0,14,0,0,11,0,23,0,0,0,0,6,0,0,0,27,20,0,16,0,0,0,24,0,0,0,26,32,30,0,22,34,0,0,7,28,17,0,0,0,29,2,35,21,31,0,12,8,0,0,0,0,33,3,9,0,0,0,0,0,0,0,0
0,27,20,1,12,0,0,13,0,22,11,3,5,0,7,16,0,0,19,0,23,0,0,0,0,6,31,0,0,0,17,0,15,0,0,0,25,0,0,0,29,26,28,0,18,30,0,0,8,0,21,0,0,0,34,2,35,24,33,0,14,10,0,0,0,0,32,4,9,0,0,0,0,0,0,0,0
0,27,22,1,14,0,0,16,0,24,10,3,6,0,7,17,0,0,15,0,23,0,0,0,0,5,0,0,0,0,18,0,13,0,0,0,25,0,0,0,26,34,31,0,20,32,0,0,8,28,19,0,0,0,30,2,35,21,33,0,12,9,0,0,0,0,29,4,11,0,0,0,0,0,0,0,0
0,25,18,1,13,0,0,19,0,24,11,3,5,0,6,16,0,0,14,0,23,0,0,0,0,7,0,0,0,0,20,0,17,0,0,0,26,0,0,0,31,33,27,0,22,29,0,0,8,0,15,0,0,0,32,2,34,21,30,0,12,9,0,0,0,0,28,4,10,0,0,0,0,0,0,0,0
0,25,22,1,13,0,0,16,0,23,10,4,5,0,6,18,0,0,14,0,24,0,0,0,0,7,0,0,0,0,15,0,17,0,0,0,26,0,0,0,33,27,29,0,21,28,0,0,8,31,19,0,0,0,34,2,35,20,30,0,12,11,0,0,0,0,32,3,9,0,0,0,0,0,0,0,0
0,26,20,1,13,0,0,14,0,19,9,3,6,0,7,15,0,0,17,0,23,0,0,0,0,5,0,0,0,27,21,0,16,0,0,0,25,0,0,0,28,30,29,0,22,34,0,0,8,0,18,0,0,0,31,2,35,24,33,0,12,10,0,0,0,0,32,4,11,0,0,0,0,0,0,0,0
0,29,20,1,15,0,0,12,0,25,10,3,6,0,8,14,0,0,19,0,22,0,0,0,0,5,0,0,0,28,18,0,17,0,0,0,24,0,0,0,27,34,26,0,23,31,0,0,7,0,16,0,0,0,33,2,35,21,30,0,13,9,0,0,0,0,32,4,11,0,0,0,0,0,0,0,0
0,29,17,1,13,0,0,16,0,23,10,3,7,0,6,14,0,0,15,0,24,0,0,0,0,5,0,0,0,0,19,0,18,0,0,0,25,0,0,0,31,32,30,0,22,26,0,0,8,27,20,0,0,0,34,2,35,21,28,0,12,9,0,0,0,0,33,4,11,0,0,0,0,0,0,0,0
0,25,20,1,12,0,0,13,0,24,11,3,5,0,7,18,0,0,17,0,23,0,0,0,0,6,0,0,0,0,16,0,15,0,0,0,26,0,0,0,29,32,28,0,21,30,0,0,8,27,19,0,0,0,34,2,35,22,33,0,14,9,0,0,0,0,31,4,10,0,0,0,0,0,0,0,0
0,25,19,2,14,0,0,12,0,21,11,3,7,0,5,15,0,0,18,0,24,0,0,0,0,6,0,0,0,0,22,0,16,0,0,0,26,0,0,0,27,30,33,0,20,31,0,0,8,0,17,0,0,0,28,1,34,23,32,0,13,10,0,0,0,0,29,4,9,0,0,0,0,0,0,0,0
0,26,14,2,15,0,0,12,0,21,11,3,6,0,5,18,0,0,16,0,22,0,0,0,0,7,0,0,0,35,19,0,13,30,0,0,23,0,0,0,24,28,31,0,27,25,0,0,8,33,17,0,0,0,32,1,36,20,29,0,0,10,0,0,0,0,34,4,9,0,0,0,0,0,0,0,0
0,24,19,2,12,0,0,17,0,21,11,3,8,0,5,15,0,0,14,0,22,0,0,0,0,6,0,0,0,28.5,18,0,13,26,0,0,28.5,0,0,0,25,35,32,0,23,30,0,0,7,27,16,0,0,0,33,1,36,20,31,0,0,9,0,0,0,0,34,4,10,0,0,0,0,0,0,0,0
0,26,16,2,17,0,0,13,0,20,11,3,9,0,5,14,0,0,15,0,22,0,0,0,0,6,0,0,0,0,21,0,12,0,0,0,24,0,0,0,25,27,30,0,23,28,0,0,7,0,18,0,0,0,32,1,33,19,29,0,0,10,0,0,0,0,31,4,8,0,0,0,0,0,0,0,0
0,23,19,2,15,0,0,12,0,21,11,3,5,0,6,18,0,0,14,0,22,0,0,0,0,8,26.5,0,0,0,16,0,13,26.5,0,0,25,0,0,0,29,30,33,0,24,32,0,0,7,0,17,0,0,0,34,1,35,20,31,0,0,9,0,0,0,0,28,4,10,0,0,0,0,0,0,0,0
0,24,19,1,18,0,0,12,0,21,10,3,7,0,8,16,0,0,14,0,22,0,0,0,0,5,0,0,0,26,20,0,13,0,0,0,25,0,0,0,28,33,31,0,23,32,0,0,6,0,15,0,0,0,27,2,34,17,29,0,0,9,0,0,0,0,30,4,11,0,0,0,0,0,0,0,0
0,25,20,2,16,0,0,13,0,21,11,3,9,0,8,14,0,0,17,0,22,0,0,0,0,5,26.5,0,0,0,18,0,12,24,0,0,26.5,0,0,0,28,29,30,0,23,33,0,0,7,0,15,0,0,0,34,1,35,19,31,0,0,6,0,0,0,0,32,4,10,0,0,0,0,0,0,0,0
0,24,19,1,18,0,0,13,0,21,10,4,9,0,6,16,0,0,15,0,23,0,0,0,0,5,0,0,0,0,17,0,12,26.5,0,0,26.5,0,0,0,25,28,29,0,22,32,0,0,7,0,14,0,0,0,33,2,34,20,30,0,0,8,0,0,0,0,31,3,11,0,0,0,0,0,0,0,0
0,23,18,2,13,0,0,14,0,22,11,3,8,0,5,15,0,0,17,0,21,0,0,0,0,6,0,0,0,0,19,0,12,25,0,0,26,0,0,0,27,34,30,0,24,29,0,0,7,28,16,0,0,0,33,1,35,20,32,0,0,9,0,0,0,0,31,4,10,0,0,0,0,0,0,0,0
0,24,22,2,14,0,0,12,0,21,9,3,10,0,5,15,0,0,19,0,23,0,0,0,0,6,0,0,0,0,17,0,13,27,0,0,26,0,0,0,25,31,30,0,20,28,0,0,7,0,16,0,0,0,33,1,34,18,32,0,0,8,0,0,0,0,29,4,11,0,0,0,0,0,0,0,0
0,27,18,2,0,6,0,14,0,19,11,4,8,0,5,15,0,0,13,0,21,0,0,0,0,0,0,0,0,0,20,0,12,26,0,0,23,0,0,0,29,31,25,0,22,32,0,0,7,0,17,0,0,0,30,1,33,16,24,0,0,9,0,0,0,0,28,3,10,0,0,0,0,0,0,0,0
0,23,19,2,0,5,0,15,0,21,11,4,8,0,6,14,0,0,13,0,20,0,0,0,0,0,0,0,0,0,18,0,12,0,0,0,27,0,0,0,26,32,25,0,22,24,0,0,7,30,16,0,0,0,31,1,33,17,29,0,0,9,0,0,0,0,28,3,10,0,0,0,0,0,0,0,0
0,20,19,2,0,5,0,15,0,22,12,4,11,0,6,14,0,0,13,0,21,0,0,0,0,0,0,0,0,0,17,0,10,0,0,0,26,0,0,0,27,29,25,0,23,32,0,0,8,24,16,0,0,0,30,1,33,18,31,0,0,7,0,0,0,0,28,3,9,0,0,0,0,0,0,0,0
0,21,16,2,0,5,0,17,0,23,9,4,12,0,6,13,0,0,14,0,20,0,0,0,0,0,0,0,0,0,19,0,10,26,0,0,27,0,0,0,24,29,28,0,22,30,0,0,7,32,15,0,0,0,33,1,34,18,25,0,0,8,0,0,0,0,31,3,11,0,0,0,0,0,0,0,0
0,23,19,2,0,5,0,15,0,20,10,3,11,0,6,13,0,0,14,0,21,0,0,0,0,0,0,0,0,0,16,0,12,0,0,0,27,0,0,0,25,28,26,0,22,31,0,0,7,0,17,0,0,0,29,1,32,18,24,0,0,8,0,0,0,0,30,4,9,0,0,0,0,0,0,0,0
0,19,17,2,0,6,0,18,0,22,9,3,11,0,5,15,0,0,14,0,20,0,0,0,0,0,0,0,0,0,21,0,12,24,0,0,25,0,0,0,28,30,29,0,26,32,0,0,8,0,13,0,0,0,31,1,33,16,27,0,0,7,0,0,0,0,23,4,10,0,0,0,0,0,0,0,0
0,24,18,2,0,5,0,15,0,21,9,4,12,0,6,16,0,0,13,0,22,0,0,0,0,0,29.5,0,0,29.5,19,0,11,28,0,0,0,0,0,0,31,25,33,0,20,27,0,0,7,26,14,0,0,0,34,1,35,17,23,0,0,8,0,0,0,0,32,3,10,0,0,0,0,0,0,0,0
0,20,16,2,0,7,0,17,0,23,11,4,12,0,5,15,0,0,13,0,21,0,0,0,0,0,0,0,0,0,19,0,10,0,0,0,26,0,0,0,28,32,30,0,22,29,0,0,8,25,14,0,0,0,31,1,33,18,27,0,0,6,0,0,0,0,24,3,9,0,0,0,0,0,0,0,0
0,23,21,2,0,6,0,16,0,19,12,4,11,0,5,14,0,0,13,0,22,0,0,0,0,0,0,0,0,30,17,0,10,0,0,0,28,0,0,0,26,32,27,0,18,29,0,0,7,24,15,0,0,0,33,1,34,20,25,0,0,8,0,0,0,0,31,3,9,0,0,0,0,0,0,0,0
0,23,17,2,0,6,0,15,0,22,12,3,10,0,5,13,0,0,16,0,21,0,0,0,0,0,0,0,0,0,19,0,11,0,0,0,25,0,0,0,24,28,30,0,20,32,0,0,8,31,14,0,0,0,26,1,33,18,27,0,0,7,0,0,0,0,29,4,9,0,0,0,0,0,0,0,0
0,21,18,2,0,6,0,16,0,19,12,3,8,0,7,14,0,0,13,0,22,0,0,0,0,0,26,0,0,0,20,0,11,24,0,0,0,0,0,0,29,32,28,0,23,25,0,0,9,0,15,0,0,0,31,1,33,17,27,0,0,5,0,0,0,0,30,4,10,0,0,0,0,0,0,0,0
0,23,20,2,18,0,0,16,0,22,9,1,11,0,5,14,0,0,13,0,21,0,0,0,0,6,27,0,0,29,17,0,12,24,0,0,29,0,0,0,34,32,26,0,25,35,0,0,7,29,19,0,0,0,36,3,37,15,33,0,0,8,0,0,0,0,31,4,10,0,0,0,0,0,0,0,0
0,25,17,2,0,6,0,18,0,21,11,1,12,0,5,16,0,0,15,0,24,0,0,0,0,7,0,0,0,28,23,0,14,0,0,0,27,0,0,0,26,29,30,0,22,34,0,0,8,0,20,0,0,0,32,4,35,19,33,0,13,10,0,0,0,0,31,3,9,0,0,0,0,0,0,0,0
0,25,19,2,0,8,0,17,0,21,12,1,9,0,5,15,0,0,14,0,24,0,0,0,0,7,0,0,0,0,20,0,13,0,0,0,30,0,0,0,26,33,34,0,23,28,0,0,6,27,16,0,0,0,31,3,35,22,29,0,18,10,0,0,0,0,32,4,11,0,0,0,0,0,0,0,0
0,31,21,2,0,8,0,17,0,19,10,1,11,0,5,16,0,0,14,0,22,0,0,0,0,7,0,0,0,27.5,23,0,13,26,0,0,25,0,0,0,33,29,0,0,30,35,0,0,6,27.5,18,0,0,0,34,4,36,20,24,0,15,9,0,0,0,0,32,3,12,0,0,0,0,0,0,0,0
0,28,18,2,0,11,0,22,0,20,9,1,10,0,6,16,0,0,15,0,24,0,0,0,0,7,0,0,0,0,23,0,13,29,0,0,26,0,0,0,25,30,0,0,21,33,0,0,5,27,17,0,0,0,34,3,35,19,31,0,14,8,0,0,0,0,32,4,12,0,0,0,0,0,0,0,0
0,24,23,2,0,11,0,17,0,21,10,1,9,0,4,16,0,0,15,0,25,0,0,0,0,7,32,0,0,29,22,0,14,30,0,0,28,0,0,0,27,31,0,0,20,34,0,0,6,0,19,0,0,0,35,5,36,18,26,0,12,8,0,0,0,0,33,3,13,0,0,0,0,0,0,0,0
0,25,24,2,0,11,0,16,0,21,10,1,9,0,4,17,0,0,15,0,23,0,0,0,0,7,28.5,0,0,0,22,0,14,0,0,0,26,0,0,0,30,27,0,0,20,34,0,0,5,28.5,18,0,0,0,33,6,35,19,31,0,13,8,0,0,0,0,32,3,12,0,0,0,0,0,0,0,0
0,25,20,2,0,7,0,19,0,22,9,1,8,0,4,17,0,0,16,0,24,0,28.5,0,0,5,0,0,0,28.5,23,0,14,0,0,0,0,0,0,0,32,30,0,0,21,34,0,0,6,27,15,0,0,0,33,11,35,18,26,0,13,10,0,0,0,0,31,3,12,0,0,0,0,0,0,0,0
0,31,21,2,0,9,0,18,0,22,11,1,8,0,4,17,0,0,15,0,24,0,0,0,0,7,0,0,0,0,25,0,13,28,0,0,26,0,0,0,30,27,0,0,19,34,0,0,5,29,16,0,0,0,32,6,35,20,23,0,14,10,0,0,0,0,33,3,12,0,0,0,0,0,0,0,0
0,25,22,2,0,11,0,19,0,20,10,1,7,0,4,16,0,0,13,0,24,0,0,0,0,5,0,0,0,0,23,0,15,0,0,0,26,0,0,0,29,30,0,0,21,32,0,0,6,28,18,0,0,0,31,8,34,17,27,0,14,9,0,0,0,0,33,3,12,0,0,0,0,0,0,0,0
0,31,23,2,0,11,0,17,0,20,9,1,7,0,4,18,0,0,14,0,24,0,29.5,0,0,6,0,0,0,0,22,0,15,28,0,0,27,0,0,0,32,25,0,0,21,33,0,0,8,29.5,16,0,0,0,35,5,36,19,26,0,13,10,0,0,0,0,34,3,12,0,0,0,0,0,0,0,0
0,28,21,2,0,12,0,20,0,23,10,1,9,0,5,16,0,0,15,0,24,0,0,0,0,4,0,0,0,27,22,0,14,26,0,0,0,0,0,0,25,29,0,0,18,30,0,0,6,0,19,0,0,0,33,7,34,17,31,0,13,8,0,0,0,0,32,3,11,0,0,0,0,0,0,0,0
0,25,22,2,0,11,0,23,0,19,9,1,8,0,7,16,0,0,15,0,24,0,0,0,0,6,28,0,0,28,21,0,14,26,0,0,0,0,0,0,33,30,0,0,20,32,0,0,5,28,17,0,0,0,35,4,36,18,31,0,13,10,0,0,0,0,34,3,12,0,0,0,0,0,0,0,0
0,25,23,2,0,13,0,19,0,20,12,1,6,0,4,15,0,0,16,0,24,0,28.5,0,0,7,27,0,0,0,21,0,10,26,0,0,28.5,0,0,0,32,30,0,0,22,33,0,0,5,0,17,0,0,0,35,8,36,18,31,0,14,9,0,0,0,0,34,3,11,0,0,0,0,0,0,0,0
0,23,20,2,0,9,0,19,0,24,8,1,10,0,5,18,0,0,15,0,25,0,0,0,0,7,0,0,0,0,22,0,13,30,0,0,29,0,0,0,28,31,0,0,21,32,0,0,4,27,16,0,0,0,33,6,35,17,26,0,14,11,0,0,0,0,34,3,12,0,0,0,0,0,0,0,0
0,22,24,2,0,11,0,18,0,20,9,1,8,0,5,16,0,0,15,0,25,0,0,0,0,7,27,0,0,0,23,0,14,0,0,0,0,0,0,0,28,29,0,0,21,31,0,0,4,0,17,0,0,0,32,6,33,19,26,0,13,10,0,0,0,0,30,3,12,0,0,0,0,0,0,0,0
0,25,24,2,0,9,0,20,0,19,10,1,8,0,4,15,0,0,17,0,23,0,0,0,0,7,29,0,0,0,21,0,14,26,0,0,27,0,0,0,31,30,0,0,22,34,0,0,6,0,16,0,0,0,33,5,35,18,28,0,12,11,0,0,0,0,32,3,13,0,0,0,0,0,0,0,0
0,25,21,2,0,10,0,20,0,22,8,1,7,0,5,18,0,0,15,0,24,0,0,0,0,9,28,0,0,0,23,0,11,0,0,0,0,0,0,0,26,27,0,0,19,31,0,0,4,0,16,0,0,0,32,6,33,17,29,0,13,12,0,0,0,0,30,3,14,0,0,0,0,0,0,0,0
0,30,21,2,0,11,0,18,0,22,9,1,8,0,6,17,0,0,14,0,23,0,0,0,0,7,29,0,0,0,24,0,13,0,0,0,0,0,0,0,28,26,27,0,19,31,0,0,5,33,16,0,0,0,32,4,35,20,25,0,12,10,0,0,0,0,34,3,15,0,0,0,0,0,0,0,0
0,30,20,2,0,10,0,16,0,21,8,1,9,0,5,18,0,0,15,0,24,0,0,0,0,7,0,0,0,29,23,0,12,28,0,0,27,0,0,0,35,34,25,0,22,32,0,0,4,33,17,0,0,0,36,6,37,19,26,0,11,13,0,0,0,0,31,3,14,0,0,0,0,0,0,0,0
0,26,23,2,0,11,0,19,0,20,9,1,7,0,6,16,0,0,14,0,34,0,32.5,0,0,8,31,0,0,32.5,21,0,12,0,0,0,27,0,0,0,28,25,24,0,22,37,0,0,4,36,17,0,0,0,35,5,38,18,29,0,13,10,0,0,0,0,30,3,15,0,0,0,0,0,0,0,0
0,28,22,2,0,9,0,21,0,19,10,1,7,0,6,16,0,0,15,0,24,0,0,0,0,8,26,0,0,0,23,0,14,25,0,0,0,0,0,0,34,32,29,0,20,35,0,0,5,27,18,0,0,0,33,4,36,17,30,0,12,11,0,0,0,0,31,3,13,0,0,0,0,0,0,0,0
0,31,22,2,0,11,0,18,0,19,9,1,8,0,5,17,0,0,16,0,26,0,28,0,0,6,0,0,0,0,23,0,12,29.5,0,0,29.5,0,0,0,27,25,32,0,21,33,0,0,4,0,15,0,0,0,35,7,36,20,24,0,13,10,0,0,0,0,34,3,14,0,0,0,0,0,0,0,0
0,29,21,3,0,10,0,17,0,20,7,1,8,0,4,18,0,0,16,0,25,0,0,0,0,9,0,0,0,30,23,0,11,27,0,0,28,0,0,0,31,24,26,0,22,36,0,0,5,34,15,0,0,0,35,6,37,19,33,0,13,12,0,0,0,0,32,2,14,0,0,0,0,0,0,0,0
0,26,21,3,0,10,0,19,0,22,9,1,8,0,5,15,0,0,17,0,24,0,0,0,0,7,0,0,0,0,23,0,13,0,0,0,28.5,0,0,0,27,30,25,0,20,34,0,0,4,28.5,16,0,0,0,32,6,35,18,31,0,12,11,0,0,0,0,33,2,14,0,0,0,0,0,0,0,0
0,32,21,3,0,9,0,19,0,20,8,1,7,0,4,17,0,0,16,0,23,0,0,0,0,10,29,0,0,0,22,0,11,29,0,0,29,0,0,0,27,25,26,0,24,34,0,0,6,31,15,0,0,0,36,5,37,18,33,0,13,12,0,0,0,0,35,2,14,0,0,0,0,0,0,0,0
0,25,22,3,0,10,0,18,0,17,9,1,8,0,5,19,0,0,15,0,23,0,0,0,0,7,0,0,0,0,24,0,14,27,0,0,27,0,0,0,32,31,29,0,21,33,0,0,6,27,16,0,0,0,35,4,36,20,30,0,13,11,0,0,0,0,34,2,12,0,0,0,0,0,0,0,0
0,24,20,2,0,10,0,19,0,23,9,1,8,0,5,16,0,0,15,0,25,0,0,0,0,7,31,0,0,0,21,0,12,0,0,0,29,0,0,0,27,26,28,0,22,35,0,0,4,34,17,0,0,0,32,6,36,18,30,0,13,11,0,0,0,0,33,3,14,0,0,0,0,0,0,0,0
0,23,22,3,0,9,0,21,0,17,10,1,7,0,5,18,0,0,15,0,24,0,0,0,0,8,28.5,0,0,0,26,0,11,28.5,0,0,27,0,0,0,30,31,25,0,19,35,0,0,4,34,16,0,0,0,36,6,37,20,33,0,12,13,0,0,0,0,32,2,14,0,0,0,0,0,0,0,0
0,27,21,2,0,9,0,18,0,20,10,1,8,0,3,17,0,0,15,0,24,0,0,0,0,7,0,0,0,0,22,0,12,25,0,0,0,0,0,0,29,28,0,0,23,30,0,0,5,0,16,0,0,0,31,6,33,19,26,0,14,11,0,0,0,0,32,4,13,0,0,0,0,0,0,0,0
0,24,23,2,0,10,0,20,0,21,9,1,8,0,4,15,0,0,16,0,26,0,0,0,0,7,0,0,0,0,19,0,13,28,0,0,29,0,0,0,27,25,30,0,22,34,0,0,6,0,17,0,0,0,33,5,35,18,31,0,14,11,0,0,0,0,32,3,12,0,0,0,0,0,0,0,0
0,26,24,2,0,9,0,20,0,21,10,1,8,0,4,16,0,0,15,0,27,0,0,0,0,7,0,0,0,30,22,0,12,0,0,0,28,0,0,0,31,23,25,0,19,34,0,0,5,29,17,0,0,0,35,6,36,18,32,0,14,11,0,0,0,0,33,3,13,0,0,0,0,0,0,0,0
0,29,21,2,0,10,0,20,0,22,9,1,7,0,4,16,0,0,15,0,24,0,0,0,0,8,0,0,0,30,23,0,12,0,0,0,27,0,0,0,28,26,33,0,18,35,0,0,5,31,17,0,0,0,32,6,36,19,25,0,14,11,0,0,0,0,34,3,13,0,0,0,0,0,0,0,0
0,34,21,2,0,8,0,23,0,20,10,1,9,0,6,16,0,0,15,0,29,0,29,0,0,7,27,0,0,0,22,0,14,0,0,0,0,0,0,0,25,35,24,0,17,31,0,0,4,29,19,0,0,0,33,5,36,18,26,0,12,11,0,0,0,0,32,3,13,0,0,0,0,0,0,0,0
0,30,21,2,0,9,0,18,0,20,8,1,10,0,4,17,0,0,16,0,25,0,0,0,0,6,0,0,0,26,23,0,14,27.5,0,0,27.5,0,0,0,31,29,24,0,22,33,0,0,5,0,15,0,0,0,34,7,35,19,32,0,13,11,0,0,0,0,0,3,12,0,0,0,0,0,0,0,0
0,25,21,2,0,9,0,19,0,22,11,1,8,0,4,16,0,0,14,0,23,0,29,0,0,7,0,0,0,30.5,26,0,15,27,0,0,30.5,0,0,0,28,33,24,0,18,35,0,0,6,0,17,0,0,0,34,5,36,20,32,0,13,10,0,0,0,0,0,3,12,0,0,0,0,0,0,0,0
0,25,21,2,0,11,0,16,0,22,8,1,9,0,4,15,0,0,17,0,24,0,0,0,0,7,26,0,0,0,23,0,12,0,0,0,0,0,0,0,29,28,0,30,19,32,0,0,5,0,18,0,0,0,31,6,33,20,27,0,14,10,0,0,0,0,0,3,13,0,0,0,0,0,0,0,0
0,22,23,2,0,9,0,16,0,21,8,1,10,0,4,17,0,0,15,0,25,0,0,0,0,7,0,0,0,0,24,0,14,27,0,0,0,0,0,0,30,26,28,0,20,32,0,0,5,0,18,0,0,0,31,6,33,19,29,0,12,11,0,0,0,0,0,3,13,0,0,0,0,0,0,0,0
0,24,23,2,0,9,0,19,0,21,11,1,7,0,4,18,0,0,15,0,28,0,0,0,0,8,0,0,0,0,22,0,13,27,0,0,26,0,0,0,29,30,0,33,16,31,0,0,6,0,17,0,0,34,0,5,35,20,32,0,12,10,0,0,0,25,0,3,14,0,0,0,0,0,0,0,0
0,26,28,2,0,10,0,17,0,21,9,1,7,0,5,15,0,0,16,0,25,0,0,0,0,8,0,0,0,0,22,0,12,31,0,0,30,0,0,0,23,33,29,0,20,32,0,0,4,0,19,0,0,34,0,6,35,18,27,0,11,13,0,0,0,24,0,3,14,0,0,0,0,0,0,0,0
0,26,23,2,0,10,0,14,0,21,9,1,8,0,6,18,0,0,15,0,25,0,0,0,0,7,0,0,0,30.5,24,0,12,30.5,0,0,28,0,0,0,29,32,22,0,20,35,0,0,5,0,16,0,0,34,0,4,37,19,36,0,11,13,0,0,0,27,33,3,17,0,0,0,0,0,0,0,0
0,26,24,3,0,10,0,20,0,22,9,1,7,0,5,17,0,0,15,0,25,0,28,0,0,6,0,0,0,0,21,0,12,0,0,0,29.5,0,0,0,31,34,23,0,16,35,0,0,4,29.5,18,0,0,32,0,8,37,19,27,0,11,14,0,0,0,33,36,2,13,0,0,0,0,0,0,0,0
0,27,0,2,0,10,0,18,0,21,9,1,7,0,4,14,0,0,15,0,25,0,0,0,0,8,29.5,0,0,0,22,0,11,0,0,0,0,0,0,0,24,28,26,0,19,34,0,0,5,29.5,17,0,0,33,0,6,35,20,31,0,12,13,0,0,0,23,32,3,16,0,0,0,0,0,0,0,0
0,28,0,2,0,11,0,17,0,20,10,1,8,0,6,19,0,0,15,0,25,0,0,0,0,7,0,0,0,0,22,0,13,0,0,0,0,0,0,0,31,27,24,0,18,29,0,0,5,26,16,0,0,33,0,4,34,21,30,0,9,12,0,0,0,23,32,3,14,0,0,0,0,0,0,0,0
0,23,0,3,0,10,0,19,0,21,9,1,8,0,5,17,0,0,15,0,24,0,0,0,0,7,0,0,0,0,22,0,14,0,0,0,28,0,0,0,34,31,26,0,16,32,0,0,4,27,18,0,0,30,0,6,35,20,29,0,12,11,0,0,0,25,33,2,13,0,0,0,0,0,0,0,0
0,27,0,2,0,7,0,20,0,19,8,1,9,0,5,14,16,0,18,0,24,0,0,0,0,6,0,0,0,0,23,0,13,28,0,0,0,0,0,0,31,26,0,0,17,32,0,0,10,0,21,0,0,0,33,4,34,22,29,0,12,11,0,0,0,25,30,3,15,0,0,0,0,0,0,0,0
0,31,0,2,0,9,0,20,0,23,8,1,7,0,4,15,16,0,18,0,26,0,0,0,0,5,0,0,0,0,22,0,13,0,0,0,0,0,0,0,27,29,0,0,17,32,0,0,10,28,19,0,0,0,33,6,34,21,25,0,11,12,0,0,0,24,30,3,14,0,0,0,0,0,0,0,0
0,25,0,2,0,9,0,23,0,21,6,1,10,0,5,14,17,0,16,0,27,0,0,0,0,7,30.5,0,0,0,22,0,13,29,0,0,30.5,0,0,0,24,28,0,0,19,34,0,0,8,0,20,0,0,0,35,4,36,18,32,0,12,11,0,0,0,26,33,3,15,0,0,0,0,0,0,0,0
0,27,0,2,0,9,0,20,0,23,7,1,6,0,4,18,15,0,19,0,24,0,28,0,0,8,0,0,0,0,21,0,13,0,0,0,29,0,0,0,26,25,0,0,22,33,0,0,11,0,16,0,0,0,34,5,35,17,32,0,10,12,0,0,0,31,30,3,14,0,0,0,0,0,0,0,0
0,26,0,2,0,9,0,23,0,21,10,1,7,0,4,14,17,0,16,0,24,0,30.5,0,0,6,0,0,0,0,22,0,11,30.5,0,0,32,0,0,0,34,29,0,0,20,36,0,0,8,27,18,0,0,0,35,5,37,19,28,0,12,13,0,0,0,25,33,3,15,0,0,0,0,0,0,0,0
0,26,0,2,0,8,0,22,0,20,7,1,9,0,4,15,17,0,16,0,25,0,31.5,0,0,6,0,0,0,0,23,0,13,28,0,0,30,0,0,0,33,34,0,0,21,35,0,0,10,31.5,19,0,0,0,36,5,37,18,24,0,11,12,0,0,0,29,27,3,14,0,0,0,0,0,0,0,0
0,28,0,2,0,9,0,22,0,21,7,1,5,0,4,15,17,0,16,0,24,0,0,0,0,8,0,0,0,0,23,0,11,0,0,0,0,0,0,0,26,27,0,0,20,33,0,0,10,30,19,0,0,0,32,6,34,18,25,0,12,14,0,0,0,29,31,3,13,0,0,0,0,0,0,0,0
0,26,0,2,0,8,0,22,0,21,6,1,9,0,5,16,17,0,15,0,29,0,0,0,0,7,0,0,0,0,23,0,10,31,0,0,28,0,0,0,27,30,0,0,18,33,0,0,11,0,20,0,0,0,34,4,35,19,32,0,13,12,0,0,0,25,24,3,14,0,0,0,0,0,0,0,0
0,24,0,2,0,8,0,20,0,22,7,1,9,0,5,18,19,0,15,0,25,0,27,0,0,6,0,0,0,0,23,0,12,0,0,0,0,0,0,0,29,28,0,0,16,32,0,0,10,0,17,0,0,0,33,4,34,21,26,0,11,13,0,0,0,30,31,3,14,0,0,0,0,0,0,0,0
0,33,0,2,0,9,0,22,0,23,8,1,6,0,4,16,15,0,17,0,24,0,30,0,0,5,0,0,0,0,21,0,13,29,0,0,28,0,0,0,34,31,0,0,20,35,0,0,11,27,19,0,0,0,36,7,37,18,26,0,12,10,0,0,0,25,32,3,14,0,0,0,0,0,0,0,0
0,28,0,2,0,9,0,21,0,22,7,1,8,0,5,12,16,0,17,0,24,0,0,0,0,6,0,0,0,0,23,0,13,29,0,0,26,0,0,0,30,32,0,0,19,34,0,0,11,0,18,0,0,0,33,4,35,20,27,0,10,14,0,0,0,31,25,3,15,0,0,0,0,0,0,0,0
0,26,0,2,0,10,0,23,0,20,8,1,7,0,4,16,13,0,17,0,24,0,0,0,0,6,31,0,0,0,22,0,12,0,0,0,29,0,0,0,27,28,0,0,19,34,0,0,9,32,18,0,0,0,35,5,36,21,25,0,11,15,0,0,0,30,33,3,14,0,0,0,0,0,0,0,0
0,26,0,2,0,10,0,24,0,22,6,1,8,0,4,14,16,0,18,0,27,0,0,0,0,7,0,0,0,0,21,0,13,30,0,0,0,0,0,0,31,28,0,0,17,34,0,0,9,29,20,0,0,0,32,5,35,19,25,0,11,12,0,0,0,23,33,3,15,0,0,0,0,0,0,0,0
0,26,0,2,0,11,0,22,0,20,8,1,7,0,6,16,17,0,14,0,24,0,0,0,0,5,0,0,0,0,23,0,12,0,0,0,0,0,0,0,28,29,0,0,21,31,0,0,9,32,19,0,0,0,33,4,34,18,27,0,13,10,0,0,0,25,30,3,15,0,0,0,0,0,0,0,0
0,33,0,2,0,10,0,23,0,22,7,1,9,0,6,15,16,0,18,0,25,0,0,0,0,5,30.5,0,0,0,21,0,12,28,0,0,30.5,0,0,0,34,32,0,0,20,36,0,0,8,29,19,0,0,0,35,4,37,17,27,0,11,13,0,0,0,24,26,3,14,0,0,0,0,0,0,0,0
0,26,0,2,0,10,0,23,0,21,7,1,8,0,4,18,14,0,16,0,27,0,0,0,0,6,30,0,0,0,22,0,11,0,0,0,31,0,0,0,32,28,0,0,17,33,0,0,9,0,19,0,0,0,34,5,35,20,29,0,12,13,0,0,0,24,25,3,15,0,0,0,0,0,0,0,0
0,27,0,2,0,9,0,22,0,23,7,1,11,0,4,16,14,0,17,0,24,0,0,0,0,6,0,0,0,0,21,0,13,0,0,0,0,0,0,0,28,31,0,0,19,32,0,0,8,30,18,0,0,0,33,5,34,20,25,0,10,12,0,0,0,29,26,3,15,0,0,0,0,0,0,0,0
0,29,0,2,0,9,0,24,0,22,8,1,6,0,5,16,15,0,17,0,23,0,0,0,0,7,0,0,0,0,20,0,12,26,0,0,0,0,0,0,25,31,0,0,19,34,0,0,10,27,18,0,0,0,33,4,35,21,28,0,11,13,0,0,0,30,32,3,14,0,0,0,0,0,0,0,0
0,29,0,2,0,10,0,23,0,21,7,1,6,0,4,18,17,0,14,0,26,0,0,0,0,8,0,0,0,0,22,0,12,30,0,0,27,0,0,0,28,33,0,0,15,35,0,0,9,31,19,0,0,0,34,5,36,20,25,0,11,13,0,0,0,24,32,3,16,0,0,0,0,0,0,0,0
0,25,0,2,0,7,0,23,0,21,8,1,6,0,5,17,16,0,13,0,24,0,28,0,0,10,0,0,0,0,22,0,12,27,0,0,0,0,0,0,32,30,0,0,19,34,0,0,9,29,20,0,0,0,35,4,36,18,31,0,11,15,0,0,0,26,33,3,14,0,0,0,0,0,0,0,0
0,32,0,2,0,10,0,27,0,20,6,1,8,0,5,16,15,0,17,0,25,0,0,0,0,4,0,0,0,0,22,0,12,28,0,0,29,0,0,0,26,24,0,0,19,36,0,0,9,30,21,0,0,23,35,7,37,18,34,0,13,11,0,0,0,31,33,3,14,0,0,0,0,0,0,0,0
0,27,0,2,0,10,0,25,0,20,7,1,8,0,4,15,16,0,17,0,26,0,0,0,0,6,33,0,0,0,23,0,14,0,0,0,31,0,0,0,28,29,0,0,19,36,0,0,9,30,18,0,0,22,34,5,37,21,32,0,11,12,0,0,0,24,35,3,13,0,0,0,0,0,0,0,0
0,35,0,2,0,12,0,24,0,21,8,1,7,0,5,16,17,0,15,0,25,0,31,0,0,6,32,0,0,0,22,0,13,28,0,0,30,0,0,0,37,27,0,0,19,38,0,0,10,33,18,0,0,20,29,3,39,23,36,0,11,9,0,0,0,34,26,4,14,0,0,0,0,0,0,0,0
0,33,0,2,0,11,0,25,0,22,9,1,8,0,6,17,16,0,15,0,27,0,0,0,0,4,0,0,0,0,23,0,13,30,0,0,0,0,0,0,26,24,0,0,21,34,0,0,7,0,19,0,0,20,32,5,35,18,31,0,10,12,0,0,0,29,28,3,14,0,0,0,0,0,0,0,0
0,25,24,2,0,13,0,27,0,22,7,1,8,0,4,16,14,0,19,0,26,0,33.5,0,0,5,32,0,0,0,20,0,12,29,0,0,0,0,0,0,35,37,0,0,17,38,0,0,9,33.5,18,0,0,23,30,6,39,21,28,0,10,11,0,0,0,31,36,3,15,0,0,0,0,0,0,0,0
0,28,23,2,0,13,0,25,0,22,7,1,8,0,4,14,16,0,20,0,29,0,32,0,0,5,0,0,0,0,24,0,12,31,0,0,30,0,0,0,27,36,0,0,18,37,0,0,9,0,17,33,0,19,34,6,39,21,35,0,11,10,0,0,0,26,38,3,15,0,0,0,0,0,0,0,0
0,25,29,2,0,9,0,24,0,20,7,1,10,0,5,14,17,0,16,0,35,0,0,0,0,6,0,0,0,0,21,0,12,32.5,0,0,0,0,0,0,26,27,0,0,19,36,0,0,8,32.5,18,0,0,23,34,4,37,22,30,0,11,13,0,0,0,28,31,3,15,0,0,0,0,0,0,0,0
0,25,28,2,0,11,0,24,0,18,7,1,8,0,4,16,14,0,17,0,27,0,0,0,0,6,0,0,0,0,23,0,10,29,0,0,31,0,0,0,30,37,0,0,21,36,0,0,9,35,19,0,0,22,32,5,38,20,33,0,13,12,0,0,0,26,34,3,15,0,0,0,0,0,0,0,0
0,32,25,2,0,10,0,23,0,18,9,1,8,0,4,17,15,0,16,0,29,0,30.5,0,0,5,0,0,0,0,24,0,12,30.5,0,0,0,0,0,0,28,34,0,0,19,36,0,0,7,0,20,0,0,21,26,6,37,22,27,0,11,13,0,0,0,33,35,3,14,0,0,0,0,0,0,0,0
0,26,25,2,0,13,0,24,0,18,8,1,7,0,5,16,14,0,17,0,27,0,35.5,0,0,6,0,0,0,33.5,23,0,12,33.5,0,0,31,0,0,0,38,30,0,0,20,39,0,0,9,35.5,21,0,0,22,37,4,40,19,28,0,10,11,0,0,0,29,32,3,15,0,0,0,0,0,0,0,0
0,33,23,2,0,10,0,24,0,27,7,1,8,0,5,15,14,0,17,0,31,0,0,0,0,6,0,0,0,0,21,0,12,28,0,0,0,0,0,0,25,35,0,0,18,36,0,0,9,0,20,30,0,22,34,4,37,19,26,0,11,13,0,0,0,29,32,3,16,0,0,0,0,0,0,0,0
0,33,23,2,0,8,0,20,0,17,7,1,10,0,4,22,15,0,16,0,27,0,0,0,0,6,30.5,0,0,0,24,0,12,30.5,0,0,0,0,0,0,26,34,0,0,19,37,0,0,9,0,18,29,0,25,36,5,38,21,28,0,11,13,0,0,0,35,32,3,14,0,0,0,0,0,0,0,0
0,29,26,2,0,13,0,24,0,22,7,1,8,0,5,17,15,0,16,0,28,0,0,0,0,6,0,0,0,0,23,0,11,30.5,0,0,30.5,0,0,0,34,32,0,0,18,36,0,0,9,0,20,0,0,19,35,4,37,21,25,0,14,10,0,0,0,27,33,3,12,0,0,0,0,0,0,0,0
0,29,26,2,0,10,0,27,0,18,7,1,9,0,4,16,14,0,17,0,28,0,0,0,0,6,0,0,0,0,25,0,12,31.5,0,0,31.5,0,0,0,22,33,0,0,19,36,0,0,11,0,21,0,0,24,35,5,37,20,30,0,13,8,0,0,0,23,34,3,15,0,0,0,0,0,0,0,0
0,33,28,2,0,11,0,32,0,25,8,1,10,0,4,16,15,0,17,0,27,0,0,0,0,6,0,0,0,0,21,0,12,0,0,0,0,0,0,0,30,34,0,0,19,26,0,36,9,29,20,0,0,22,35,5,37,18,24,0,13,7,0,0,0,23,31,3,14,0,0,0,0,0,0,0,0
0,26,27,2,0,14,0,22,0,21,8,1,10,0,5,18,15,0,17,0,28,0,0,0,0,4,0,0,0,0,29,0,12,30,0,0,32,0,0,0,24,35,0,0,13,36,0,37,9,33,19,0,0,23,38,6,39,20,31,0,11,7,0,0,0,25,34,3,16,0,0,0,0,0,0,0,0
0,29,27,2,0,11,0,35,0,21,7,1,8,0,6,16,13,0,18,0,28,0,0,0,0,5,0,0,0,0,25,0,14,32,0,0,33,0,0,0,24,37,0,0,17,30,0,38,10,31,19,0,0,22,34,4,39,20,26,0,12,9,0,0,0,23,36,3,15,0,0,0,0,0,0,0,0
0,25,28,2,0,9,0,27,0,19,11,1,8,0,5,16,12,0,17,0,30,0,0,0,0,4,0,0,0,34,23,0,15,33,0,0,35,0,0,0,21,31,0,0,22,36,0,39,10,37,18,0,0,24,38,6,40,20,32,0,14,7,0,0,0,26,29,3,13,0,0,0,0,0,0,0,0
0,26,23,2,0,11,0,24,0,27,7,1,10,0,5,18,15,0,16,0,28,0,0,0,0,6,0,0,0,32,25,0,13,33,0,0,0,0,0,0,22,36,0,0,20,31,0,38,8,30,17,0,0,21,37,4,39,19,34,0,12,9,0,0,0,29,35,3,14,0,0,0,0,0,0,0,0
0,29,25,2,0,13,0,24,0,21,10,1,8,0,4,15,14,0,17,0,27,0,33,0,0,5,0,0,0,0,28,0,11,33,0,0,33,0,0,0,22,35,0,0,18,37,0,39,7,38,19,0,0,26,36,6,40,20,30,0,12,9,0,0,0,23,31,3,16,0,0,0,0,0,0,0,0
0,31,29,2,0,8,0,26,0,22,10,1,11,0,4,16,13,0,17,0,28,0,0,0,0,6,0,0,0,0,24,0,15,27,0,0,0,0,0,0,21,34,0,0,19,32,0,37,9,35,18,0,0,23,36,5,38,20,30,0,14,7,0,0,0,25,33,3,12,0,0,0,0,0,0,0,0
0,26,35,2,0,9,0,32,0,22,7,1,8,0,4,17,12,0,15,0,28,0,0,0,0,5,0,0,0,34,24,0,14,30,0,0,33,0,0,0,25,31,0,0,18,36,0,39,11,37,20,0,0,21,38,6,40,19,27,0,13,10,0,0,0,23,29,3,16,0,0,0,0,0,0,0,0
0,32,29,2,0,12,0,25,0,21,7,1,8,0,4,13,14,0,17,0,30,0,0,0,0,5,0,0,0,0,24,0,11,33,0,0,34,0,0,0,23,31,0,0,18,36,0,38,10,35,19,0,0,22,37,6,39,20,27,0,16,9,0,0,0,28,26,3,15,0,0,0,0,0,0,0,0
0,34,32,2,0,13,0,31,0,22,10,1,9,0,6,16,12,0,17,0,25,0,0,0,0,4,0,0,0,0,23,0,15,30,0,0,0,0,0,0,33,27,0,0,20,28,0,36,8,35,18,0,0,21,37,5,38,19,24,0,11,7,0,0,0,26,29,3,14,0,0,0,0,0,0,0,0
0,29,28,2,0,11,0,26,0,22,9,1,8,0,5,16,15,0,17,0,27,0,0,0,0,6,0,0,0,0,24,0,14,30,0,0,34,0,0,0,23,36,0,0,20,33,0,38,10,25,18,0,0,21,37,4,39,19,35,0,12,7,0,0,0,31,32,3,13,0,0,0,0,0,0,0,0
0,27,24,2,0,11,0,28,0,22,10,1,9,0,5,16,12,0,17,0,29,0,0,0,0,4,34,0,0,34,26,0,14,30,0,0,34,0,0,0,23,38,0,0,21,39,0,41,8,36,18,32,0,25,40,6,42,19,31,0,13,7,0,0,0,20,37,3,15,0,0,0,0,0,0,0,0
0,34,25,2,0,10,0,20,0,26,11,1,9,0,4,16,12,0,17,0,30,0,0,0,0,6,0,0,0,0,22,0,13,33,0,0,0,0,0,0,24,36,0,0,21,32,0,37,8,35,18,31,0,27,38,5,39,19,29,0,14,7,0,0,0,23,28,3,15,0,0,0,0,0,0,0,0
0,24,33,2,0,12,0,28,0,22,9,1,8,0,4,21,15,11,16,0,29,0,0,0,0,5,34,0,0,0,23,0,13,35.5,0,0,35.5,0,0,0,25,37,0,0,19,38,0,40,10,31,18,0,0,26,39,6,41,20,32,0,14,7,0,0,0,27,30,3,17,0,0,0,0,0,0,0,0
0,31,27,2,0,9,0,25,0,21,10,1,13,0,4,17,12,7,18,0,29,0,0,0,0,5,0,0,0,0,26,0,14,34,0,0,37,0,0,0,22,30,0,0,28,36,33,40,11,35,19,0,0,23,39,6,41,20,38,0,16,8,0,0,0,24,32,3,15,0,0,0,0,0,0,0,0
0,27,31,2,0,9,0,26,0,22,10,1,14,0,5,19,13,11,18,0,29,0,0,0,0,4,0,0,0,0,24,0,16,33,0,0,34,0,0,0,21,32,0,0,23,37,0,39,8,36,17,0,0,28,38,6,40,20,30,0,12,7,0,0,0,25,35,3,15,0,0,0,0,0,0,0,0
0,27,29,2,0,13,0,30,0,22,7,1,9,0,3,18,11,12,17,0,31,0,0,0,0,5,0,0,0,0,23,0,16,33,0,0,0,0,0,0,25,28,0,0,24,38,35,39,10,34,19,0,0,21,36,6,40,20,32,0,14,8,0,0,0,26,37,4,15,0,0,0,0,0,0,0,0
0,32,28,2,0,11,0,26,0,21,10,1,12,0,4,17,13,8,20,0,33,0,0,0,0,5,0,0,0,0,23,0,16,34,0,0,0,0,0,0,24,29,0,0,22,37,35,39,7,36,18,0,0,25,38,6,40,19,30,0,15,9,0,0,0,27,31,3,14,0,0,0,0,0,0,0,0
0,30,27,2,0,13,0,26,0,23,8,1,12,0,5,17,11,10,19,0,34,0,0,0,0,4,0,0,0,0,24,0,15,37.5,0,0,36,0,0,0,21,33,0,0,31,28,37.5,40,9,25,18,0,0,22,39,6,41,20,29,0,14,7,0,0,0,35,32,3,16,0,0,0,0,0,0,0,0
0,32,27,2,0,11,0,26,0,24,8,1,12,0,5,17,13,10,18,0,33,0,0,0,0,3,0,0,0,0,25,0,14,35,0,0,34,0,0,0,23,38,0,0,22,30,40,41,9,36,20,37,0,21,39,6,42,19,31,0,16,7,0,0,0,28,29,4,15,0,0,0,0,0,0,0,0
0,36,30,2,0,12,0,27,0,23,7,1,10,0,5,18,13,11,17,0,31,0,0,0,0,4,0,0,0,33,25,0,14,29,0,0,0,0,0,0,24,34,0,0,22,39,35,40,8,37,19,0,0,21,38,6,41,20,28,0,15,9,0,0,0,26,32,3,16,0,0,0,0,0,0,0,0
0,27,26,2,10,7,0,28,0,24,5,1,16,0,6,21,14,12,18,0,30,0,0,0,0,3,0,0,0,40,25,0,17,35,0,0,33,0,0,0,22,38,0,0,23,34,36,41,11,32,19,0,0,37,42,8,43,20,31,0,13,9,0,0,0,29,39,4,15,0,0,0,0,0,0,0,0
0,34,27,2,11,8,0,23,0,24,5,1,16,0,7,18,14,12,19,0,35,0,0,0,0,3,0,0,0,0,26,0,13,32,0,0,0,0,0,0,25,36,0,0,22,33,0,38,10,31,21,0,0,28,39,6,40,20,30,0,15,9,0,0,0,29,37,4,17,0,0,0,0,0,0,0,0
0,32,27,2,7,6,0,24,0,22,5,1,10,0,8,17,12,13,20,0,33,0,37,0,0,4,0,0,0,0,0,0,18,37,0,28,37,0,0,0,25,34,26,0,19,31,0,40,15,39,23,0,0,35,41,9,42,21,29,0,11,14,0,0,0,30,0,3,16,0,0,0,0,0,0,0,0
0,31,29,2,9,3,0,27,0,25,5,1,16,0,6,18,13,12,19,0,30,0,0,0,0,7,34,0,0,0,0,0,14,32,0,26,0,0,0,0,23,37,24,0,21,33,0,40,10,38,22,0,0,35,39,8,41,20,28,0,15,11,0,0,0,36,0,4,17,0,0,0,0,0,0,0,0
0,30,31,2,9,5,0,25,0,22,7,1,10,0,4,18,13,16,19,0,29,0,38,0,0,6,0,0,0,0,0,0,17,32,0,26,33,0,0,0,24,37,27,0,23,34,0,41,12,39,20,0,0,36,40,8,42,21,35,0,14,11,0,0,0,28,0,3,15,0,0,0,0,0,0,0,0
0,34,26,2,8,3,0,27,0,23,9,1,10,0,5,18,15,14,19,0,28,0,0,0,0,6,0,0,0,0,0,0,12,32,0,25,33,0,0,0,24,35,0,0,21,36,0,40,13,37,20,0,0,31,39,7,41,22,30,0,16,11,0,0,0,38,29,4,17,0,0,0,0,0,0,0,0
0,30,26,2,9,4,0,37,0,24,5,1,15,0,8,19,14,11,20,0,29,0,0,0,0,3,33,0,0,0,0,0,17,0,0,35,0,0,0,0,23,32,0,0,18,36,0,39,12,25,21,0,0,34,38,7,40,22,27,0,13,10,0,0,0,28,31,6,16,0,0,0,0,0,0,0,0
0,27,30,2,9,7,0,26,0,24,4,1,10,0,8,18,16,15,19,0,32,0,0,0,0,6,35,0,0,34,0,0,13,0,0,25,0,0,0,0,23,29,0,0,22,38,0,40,12,31,20,0,0,36,39,5,41,21,28,0,14,11,0,0,0,33,37,3,17,0,0,0,0,0,0,0,0
0,31,26,2,10,7,0,28,0,23,6,1,9,0,4,18,17,14,22,0,29,0,0,0,0,5,0,0,0,0,0,0,15,33,0,24,34,0,0,0,25,38,0,0,21,36,0,39,11,27,19,0,0,35,40,8,41,20,32,0,13,12,0,0,0,30,37,3,16,0,0,0,0,0,0,0,0
0,28,30,2,9,5,0,26,0,24,3,1,12,0,6,16,15,14,21,0,33,0,0,0,0,4,0,0,0,0,0,0,18,34.5,0,25,0,0,0,0,23,36,0,0,22,37,0,40,10,31,20,0,34.5,38,39,8,41,19,29,0,13,11,0,0,0,27,32,7,17,0,0,0,0,0,0,0,0
0,36,28,2,9,6,0,25,0,24,7,1,11,0,4,18,13,15,21,0,29,0,0,0,0,5,0,0,0,0,0,0,14,0,0,23,32,0,0,0,26,38,0,0,22,35,0,39,12,33,19,0,0,27,37,8,40,20,34,0,16,10,0,0,0,30,31,3,17,0,0,0,0,0,0,0,0
0,32,31,2,9,4,0,28,0,23,6,1,11,0,7,17,16,15,19,0,33,0,0,0,0,5,0,0,0,0,0,0,18,35,0,27,0,0,0,0,24,38,0,0,20,26,36.5,40,12,25,22,36.5,0,39,41,8,42,21,29,0,13,10,0,0,0,30,34,3,14,0,0,0,0,0,0,0,0
0,27,33,2,7,5,0,28,0,24,9,1,10,0,6,18,15,16,22,0,34,0,0,0,0,3,0,0,0,37.5,0,0,13,37.5,0,23,36,0,0,0,25,39,0,0,19,31,0,41,11,29,20,0,0,35,40,8,42,21,26,0,17,12,0,0,0,30,32,4,14,0,0,0,0,0,0,0,0
0,38,25,2,7,3,0,29,0,23,5,1,11,0,8,16,13,14,19,0,35,0,36.5,0,0,4,0,0,0,0,0,0,15,33,0,24,36.5,0,0,0,26,31,0,0,21,34,0,40,12,27,20,0,0,39,41,9,42,22,28,0,17,10,0,0,0,30,32,6,18,0,0,0,0,0,0,0,0
0,34,26,2,9,6,0,30,0,23,3,1,12,0,7,18,15,16,19,0,31,0,0,0,0,5,0,0,0,0,0,0,14,33,0,25,0,0,0,0,24,37,0,0,20,36,0,38,10,32,22,0,0,28,39,8,40,21,27,0,13,11,0,0,0,29,35,4,17,0,0,0,0,0,0,0,0
0,33,27,2,6,4,0,28,0,23,7,1,14,0,8,18,16,15,21,0,30,0,0,0,0,5,0,0,0,0,0,0,12,0,0,22,34,0,0,0,25,35,0,0,24,36,0,38,11,31,19,0,0,26,39,9,40,20,29,0,13,10,0,0,0,37,32,3,17,0,0,0,0,0,0,0,0
0,31,27,2,7,6,0,32,0,24,8,1,15,0,5,17,14,11,21,0,34,0,35.5,0,0,3,0,0,0,0,0,35.5,16,38,0,25,38,0,0,0,23,33,0,0,19,41,0,43,10,28,20,0,38,26,42,9,44,22,30,0,13,12,0,0,0,29,40,4,18,0,0,0,0,0,0,0,0
0,30,26,2,9,7,0,24,0,23,3,1,10,0,6,18,15,13,19,0,35,0,38.5,0,0,8,0,0,0,37,0,0,17,38.5,0,25,0,0,0,0,31,36,0,0,22,33,0,40,12,28,20,0,0,32,41,5,42,21,34,0,14,11,0,0,0,27,29,4,16,0,0,0,0,0,0,0,0
0,37,35,2,11,4,0,36,0,24,6,1,12,0,5,19,16,15,18,0,27,0,34,0,0,7,0,0,0,0,0,33,14,30,0,25,0,0,0,0,23,40,0,0,22,38,0,41,10,32,21,0,0,31,39,9,42,20,28,0,13,8,0,0,0,26,29,3,17,0,0,0,0,0,0,0,0
0,38,26,2,9,5,0,29,0,24,6,1,13,0,7,17,12,14,19,0,32,0,35.5,0,0,4,0,0,0,35.5,0,0,15,35.5,0,25,35.5,0,0,0,22,30,0,0,20,40,0,42,10,31,21,0,0,33,41,8,43,23,27,0,16,11,0,0,0,39,28,3,18,0,0,0,0,0,0,0,0
0,31,26,2,9,4,0,29,0,25,8,1,13,0,5,18,17,10,19,0,32,0,36.5,0,0,7,0,0,0,36.5,0,35,16,0,0,24,0,0,0,0,23,39,0,0,20,38,0,40,11,28,21,0,0,30,41,6,42,22,33,0,14,12,0,0,0,34,27,3,15,0,0,0,0,0,0,0,0
0,31,26,2,11,3,0,34,0,21,8,1,10,0,7,19,14,13,18,0,33,0,35,0,0,5,0,0,0,0,0,36,16,38,0,24,0,0,0,0,25,30,0,0,22,39,0,42,12,29,20,37,0,27,41,6,43,23,32,0,15,9,0,0,0,40,28,4,17,0,0,0,0,0,0,0,0
0,39,30,2,10,4,0,38,0,24,6,1,9,0,7,17,16,12,20,0,27,0,33,0,0,5,0,0,0,0,0,35,15,37,0,25,0,31,0,0,28,42,0,0,21,29,0,41,13,23,19,0,0,34,40,8,43,22,26,0,14,11,0,0,0,36,32,3,18,0,0,0,0,0,0,0,0
0,38,27,2,11,6,0,30,0,24,4,1,12,0,8,18,16,13,19,0,26,0,0,0,0,7,0,0,0,0,0,0,17,34,0,23,0,33,0,0,25,37,0,0,21,31,0,39,9,35,20,0,0,28,40,5,41,22,29,0,14,10,0,0,0,32,36,3,15,0,0,0,0,0,0,0,0
0,31,26,2,8,5,0,35,0,23,4,1,11,0,6,18,17,13,21,0,30,0,0,0,0,7,0,0,0,0,0,0,15,36.5,0,27,36.5,33,0,0,24,38,0,0,20,32,0,40,12,25,22,0,0,34,41,9,42,19,28,0,14,10,0,0,0,29,39,3,16,0,0,0,0,0,0,0,0
0,34,27,2,9,6,0,39,0,20,3,1,12,0,7,18,16,13,21,0,30,0,0,0,0,4,0,0,0,0,0,0,17,37,0,25,38,33,0,0,24,31,0,0,23,36,0,40,11,26,19,0,0,29,41,8,42,22,28,0,15,10,0,0,0,32,35,5,14,0,0,0,0,0,0,0,0
0,32,31,2,11,5,0,35,0,24,4,1,9,0,7,16,14,13,19,0,33,0,0,0,0,8,0,0,0,0,0,0,15,34,0,23,37,36,0,0,22,39,0,0,20,28,0,40,12,27,21,0,0,38,41,6,42,25,30,0,18,10,0,0,0,26,29,3,17,0,0,0,0,0,0,0,0
0,40,26,2,9,4,0,28,0,21,5,1,10,0,7,18,16,13,19,0,31,0,37.5,0,0,6,0,0,0,0,0,36,15,0,0,24,37.5,34,0,0,27,30,0,0,20,33,0,42,11,29,22,0,0,32,41,8,43,23,35,0,14,12,0,0,0,25,39,3,17,0,0,0,0,0,0,0,0
0,27,28,2,9,5,0,34,0,25,3,1,11,0,7,18,14,13,19,0,38,0,0,0,0,6,0,0,0,0,0,0,15,35,0,22,0,33,0,0,24,30,0,0,23,31,0,41,12,26,20,39,0,36,40,8,42,21,32,0,16,10,0,0,0,29,37,4,17,0,0,0,0,0,0,0,0
0,40,27,2,7,6,0,33,0,23,3,1,10,0,8,18,17,15,21,0,29,0,0,0,0,4,0,0,0,34,0,35,16,0,0,22,37,30,0,0,26,32,0,0,19,39,0,42,11,25,20,0,0,31,41,9,43,24,28,0,13,12,0,0,0,36,38,5,14,0,0,0,0,0,0,0,0
0,38,29,2,10,6,0,31,0,22,3,1,8,0,9,19,15,14,18,0,32,0,36,0,0,5,0,0,0,0,0,0,13,0,0,25,35,26,0,0,24,39,0,0,20,34,0,40,11,28,21,0,0,37,41,7,42,23,27,0,16,12,0,0,0,30,33,4,17,0,0,0,0,0,0,0,0
0,40,34,2,12,3,0,24,0,26,5,1,9,0,7,20,13,14,18,0,31,0,0,0,0,4,0,0,0,0,0,37.5,16,0,0,27,0,35,0,0,22,30,0,0,19,36,37.5,42,10,25,21,39,0,32,41,8,43,23,28,0,15,11,0,0,0,33,29,6,17,0,0,0,0,0,0,0,0
0,38,27,2,13,4,0,29,0,22,3,1,11,0,6,18,14,10,24,0,33,0,0,0,0,5,0,0,0,0,0,0,16,0,0,21,36,31,0,0,23,32,0,0,19,30,0,39,9,26,20,0,0,34,40,8,41,25,37,0,15,12,0,0,0,28,35,7,17,0,0,0,0,0,0,0,0
0,29,26,2,11,3,0,30,0,24,4,1,9,0,7,18,15,10,20,0,32,0,0,0,0,5,0,0,0,0,0,37,13,0,0,25,0,31,0,0,23,38,0,0,21,34,0,40,14,28,19,0,0,27,39,8,41,22,33,0,16,12,0,0,0,35,36,6,17,0,0,0,0,0,0,0,0
0,40,33,2,13,3,0,32,0,26,7,1,11,0,6,18,17,10,20,0,35,0,0,0,0,4,0,0,0,37,0,37,16,39,0,21,37,29,0,0,23,30,0,0,24,31,0,42,9,27,19,0,0,25,43,8,44,22,28,0,14,12,0,0,0,34,41,5,15,0,0,0,0,0,0,0,0
0,34,23,2,13,3,0,33,0,24,4,1,9,0,6,20,12,17,25,0,30,0,37.5,0,0,5,37.5,0,0,0,0,0,15,37.5,0,26,37.5,32,0,0,21,35,0,0,19,41,0,43,10,31,18,0,0,27,42,8,44,22,29,0,14,11,0,0,0,28,40,7,16,0,0,0,0,0,0,0,0
0,36,30,2,11,4,0,39,0,24,6,1,9,0,7,18,15,16,21,0,29,0,34.5,0,0,5,0,0,0,0,0,0,13,32,0,25,0,33,0,0,20,37,0,0,23,26,0,41,10,31,19,34.5,0,28,42,8,43,22,38,0,12,14,0,0,0,27,40,3,17,0,0,0,0,0,0,0,0
0,29,25,2,11,6,0,27,0,22,7,1,8,0,5,18,14,12,23,0,34,0,39,0,0,4,0,0,0,0,0,0,17,39,0,26,0,35,0,0,20,41,0,0,19,33,37,42,10,30,21,39,0,31,43,9,44,24,28,0,13,15,0,0,0,36,32,3,16,0,0,0,0,0,0,0,0
0,36,27,2,9,5,0,28,0,25,6,1,10,0,3,20,16,12,24,0,32,0,37,0,0,4,0,0,0,0,0,38,14,0,0,23,0,33,0,0,21,35,0,0,19,31,0,40,11,26,18,0,0,34,41,8,42,22,29,0,13,15,0,0,0,30,39,7,17,0,0,0,0,0,0,0,0
0,30,25,2,12,6,0,27,0,26,7,1,9,0,5,18,15,11,21,0,32,0,0,0,0,4,0,0,0,0,0,0,16,40,0,22,0,35,0,0,20,33,0,0,24,34,38.5,42,10,29,19,0,38.5,36,41,8,43,23,28,0,14,13,0,0,0,31,37,3,17,0,0,0,0,0,0,0,0
0,30,29,2,10,3,0,28,0,24,8,1,11,0,6,18,16,13,21,0,42,0,40,0,0,5,0,0,0,0,0,35,15,38,0,26,40,40,0,0,22,37,0,0,20,31,0,44,9,32,19,36,0,25,43,4,45,23,33,0,14,12,0,0,0,27,34,7,17,0,0,0,0,0,0,0,0
0,34,27,2,13,5,0,29,0,22,7,1,9,0,6,19,15,10,21,0,30,0,38,0,0,3,38,0,0,0,0,38,17,35,0,25,38,38,0,0,24,42,0,0,18,31,0,44,12,33,20,0,0,28,43,8,45,23,32,0,14,11,0,0,0,26,41,4,16,0,0,0,0,0,0,0,0
0,38,31,2,13,4,0,32,0,24,6,1,9,0,7,18,16,10,22,0,29,0,0,0,0,5,36,0,0,35,0,0,14,0,0,25,0,30,0,0,21,37,0,0,23,33,0,41,11,27,19,0,0,26,40,8,42,20,28,0,15,12,0,0,0,34,39,3,17,0,0,0,0,0,0,0,0
0,28,34,2,12,4,0,40,0,25,6,1,9,0,7,18,15,14,19,0,32,0,0,0,0,3,0,0,0,38,0,35,13,38,0,24,38,33,0,0,22,41,0,0,21,27,0,43,10,26,23,0,0,36,42,8,44,20,29,0,16,11,0,0,0,31,30,5,17,0,0,0,0,0,0,0,0
0,38,28,2,11,5,0,29,0,24,6,1,10,0,8,18,14,12,20,0,31,0,0,0,0,4,0,0,0,34.5,0,0,16,33,0,25,0,34.5,0,0,23,39,0,0,21,32,0,41,9,26,19,0,0,27,40,7,42,22,30,0,15,13,0,0,0,37,36,3,17,0,0,0,0,0,0,0,0
0,30,27,2,15,6,0,35,0,25,5,1,10,0,8,18,13,11,24,0,33,0,37,0,0,3,0,0,0,0,0,0,16,0,0,21,39,29,0,0,23,36,0,0,20,32,0,42,9,31,19,38,0,28,41,7,43,22,34,0,14,12,0,0,0,26,40,4,17,0,0,0,0,0,0,0,0
0,38,29,2,11,7,0,25,0,27,5,1,9,0,4,20,15,12,22,0,36,0,0,0,0,6,0,0,0,0,0,0,17,37,0,23,0,33,0,0,24,34,0,0,18,31,0,40,10,28,19,0,0,26,39,8,41,21,30,0,14,13,0,0,0,32,35,3,16,0,0,0,0,0,0,0,0
0,39,30,2,12,7,0,26,0,25,8,1,10,0,4,18,14,13,21,0,32,0,0,0,0,5,0,0,0,0,0,0,16,35,0,22,37.5,31,0,0,23,41,0,0,19,34,0,42,9,27,20,37.5,0,28,40,6,43,24,29,0,15,11,0,0,0,33,36,3,17,0,0,0,0,0,0,0,0
0,29,0,2,0,0,0,18,0,21,0,1,10,6,3,16,0,7,24,0,31,0,0,0,12,4,0,0,0,0,0,34,15,32,0,20,33,28,0,0,25,36,22,0,11,37,0,39,9,27,17,0,0,35,38,8,40,23,30,19,14,0,0,0,0,26,0,5,13,0,0,0,0,0,0,0,0
0,26,0,2,0,0,0,18,0,20,0,1,10,5,3,15,0,4,21,0,28,0,0,0,12,7,0,0,0,0,0,36,16,34,0,23,36,32,0,0,22,38,24,0,11,31,36,40,8,33,19,0,0,27,39,9,41,25,29,17,14,0,0,0,0,30,0,6,13,0,0,0,0,0,0,0,0
0,31,0,2,0,0,0,19,0,21,0,1,8,6,4,16,0,7,20,0,30,0,38,0,12,5,0,0,0,0,0,33,15,35,0,22,32,36,0,0,24,40,25,0,11,34,37,41,10,26,17,0,0,28,39,9,42,23,29,18,14,0,0,0,0,27,0,3,13,0,0,0,0,0,0,0,0
0,30,0,2,0,0,0,17,0,18,0,1,10,6,3,16,0,5,22,0,29,0,0,0,14,7,0,0,0,0,0,33,15,32,0,24,36,37,0,0,25,39,21,0,11,34,35,40,9,26,19,0,0,31,38,8,41,23,28,20,13,0,0,0,0,27,0,4,12,0,0,0,0,0,0,0,0
0,25,0,2,0,0,0,14,0,20,0,1,9,5,3,16,0,8,22,0,27,0,37,0,12,6,37,0,0,0,0,33,15,35,0,23,32,31,0,0,24,40,26,0,10,34,37,42,7,39,19,0,0,30,41,11,43,21,29,18,17,0,0,0,0,28,0,4,13,0,0,0,0,0,0,0,0
0,37,0,2,0,0,0,16,0,22,0,1,10,6,4,17,0,7,20,0,31,0,0,0,13,5,0,0,0,0,0,36,15,32,0,23,0,27,0,0,21,33,26,0,11,34,0,39,8,25,19,35,0,30,38,9,40,24,29,18,12,0,0,0,0,28,0,3,14,0,0,0,0,0,0,0,0
0,27,0,2,0,0,0,17,0,18,0,1,10,4,3,16,0,8,23,0,29,0,0,0,12,5,36,0,0,0,0,32,14,33,0,20,0,34,0,0,22,35,24,0,11,38,37,41,7,31,19,0,0,28,39,9,40,25,30,21,15,0,0,0,0,26,0,6,13,0,0,0,0,0,0,0,0
0,34,0,2,0,0,0,20,0,19,0,1,7,4,3,16,0,9,21,0,31,0,37,0,13,6,0,0,0,0,0,33,15,0,0,22,0,32,0,0,23,35,25,0,10,30,36,39,8,28,18,0,0,27,38,11,40,24,29,17,14,0,0,0,0,26,0,5,12,0,0,0,0,0,0,0,0
0,32,0,2,0,0,0,25,0,20,0,1,10,4,5,17,0,8,19,0,31,0,35,0,12,6,0,0,0,0,0,35,15,37,0,23,35,28,0,0,21,38,26,0,11,33,40,42,7,29,18,0,0,30,39,9,41,22,27,16,14,0,0,0,0,24,0,3,13,0,0,0,0,0,0,0,0
0,35,0,2,0,0,0,17,0,20,0,1,11,5,6,19,0,8,21,0,30,0,0,0,12,4,0,0,0,0,0,0,14,37,0,24,34,31,0,0,22,33,25,0,10,32,36,40,7,27,18,0,0,29,38,9,39,23,28,16,15,0,0,0,0,26,0,3,13,0,0,0,0,0,0,0,0
0,31,0,2,0,0,0,18,0,21,0,1,10,4,6,16,0,5,19,0,29,0,0,0,12,7,0,0,0,0,0,0,15,32,0,23,34,33,0,0,22,37,24,0,11,35,36,40,8,27,20,0,0,26,38,9,39,25,28,17,13,0,0,0,0,30,0,3,14,0,0,0,0,0,0,0,0
0,34,0,2,0,0,0,18,0,19,0,1,8,5,4,16,0,7,21,0,28,0,0,0,12,6,0,0,0,0,0,36.5,14,31,0,24,36.5,30,0,0,22,39,26,0,11,29,35,41,9,33,20,0,38,32,40,10,42,23,25,17,13,0,0,0,0,27,0,3,15,0,0,0,0,0,0,0,0
0,33,0,2,0,0,0,17,0,20,0,1,10,5,3,18,0,6,25,0,30,0,0,0,12,8,37,0,0,0,0,34.5,14,28,0,21,37,29,0,0,22,41,24,0,11,40,34.5,42,9,26,19,37,0,39,32,7,43,23,31,16,13,0,0,0,0,27,0,4,15,0,0,0,0,0,0,0,0
0,27,0,2,0,0,0,19,0,24,0,1,8,7,5,15,0,4,20,0,39,0,0,0,12,6,0,0,0,0,0,35,17,33,0,25,0,31,0,0,21,34,26,0,11,32,36,38,9,30,18,0,37,28,40,10,41,23,29,16,13,0,0,0,0,22,0,3,14,0,0,0,0,0,0,0,0
0,40,0,2,0,0,0,19,0,18,0,1,9,3,5,13,0,7,22,0,35,0,0,0,12,4,0,0,0,0,0,34,17,31,0,21,36,39,0,0,23,32,25,0,11,27,0,30,8,29,20,37,38,28,41,10,42,24,33,16,15,0,0,0,0,26,0,6,14,0,0,0,0,0,0,0,0
0,34,29,2,0,0,0,15,0,22,5,1,0,0,4,16,0,8,19,0,32,0,41,0,9,3,38.5,0,0,38.5,0,33,13,36.5,0,20,36.5,30,0,0,14,31,35,0,0,25,0,24,10,23,18,0,0,26,0,7,42,21,27,17,11,0,0,0,0,28,40,6,12,0,0,0,0,0,0,0,0
0,39,30,2,0,0,0,19,0,21,6,1,0,0,5,18,0,10,15,0,31,0,38,0,12,3,36.5,0,0,36.5,0,35,11,34,0,25,0,33,0,0,14,32,28,0,0,23,0,24,8,26,16,0,0,22,0,7,41,20,27,17,9,0,0,0,0,29,40,4,13,0,0,0,0,0,0,0,0
0,34,26,2,0,0,0,14,0,19,5,1,0,0,6,17,0,11,20,0,32,0,38,0,9,3,0,0,0,35.5,0,0,13,0,0,23,0,33,0,0,15,39,31,0,0,28,37,22,8,25,18,0,35.5,24,0,7,40,21,29,16,10,0,0,0,0,27,30,4,12,0,0,0,0,0,0,0,0
0,39,30,2,0,0,0,13,0,18,4,1,0,0,6,15,0,9,20,0,31,0,38,0,10,3,33,0,0,40,0,0,12,33,0,24,0,36,0,0,19,35,28,0,0,26,33,22,8,23,16,0,0,25,0,7,41,21,27,17,11,0,0,0,0,29,37,5,14,0,0,0,0,0,0,0,0
0,38,31,2,0,0,0,13,0,24,6,1,0,0,4,15,0,8,17,0,29,0,39,0,9,3,0,0,0,0,0,35,14,33,0,21,0,32,0,0,16,37,25,0,0,27,36,22,10,23,19,0,0,26,0,7,40,18,28,20,11,0,0,0,0,30,34,5,12,0,0,0,0,0,0,0,0
0,39,27,2,0,0,0,14,0,22,3,1,0,0,5,16,0,10,17,0,33,0,40,0,9,4,37,0,0,35,0,37,12,37,0,25,0,31,0,0,15,34,26,0,0,30,0,20,8,24,18,0,0,23,0,7,41,21,29,19,13,0,0,0,0,28,32,6,11,0,0,0,0,0,0,0,0
0,37,28,2,0,0,0,16,0,21,4,1,0,0,6,14,0,9,17,0,30,0,40,0,12,5,0,0,0,38,0,0,10,35,0,24,34,36,0,0,18,33,27,0,0,25,39,22,8,26,15,0,0,23,0,7,41,19,29,20,11,0,0,0,0,31,32,3,13,0,0,0,0,0,0,0,0
0,40,26,2,0,0,0,12,0,18,0,1,9,0,5,17,0,7,23,0,30,0,0,0,14,4,0,0,0,0,0,36.5,19,36.5,0,21,35,33,0,0,15,34,29,0,13,28,38,25,6,24,20,0,0,32,0,8,41,22,31,16,10,0,0,0,0,27,39,3,11,0,0,0,0,0,0,0,0
0,37,27,2,0,0,0,17,0,21,0,1,9,0,5,18,0,7,16,0,36,39,0,0,11,4,0,0,0,0,0,0,13,34,0,20,35,32,0,0,15,33,25,0,12,30,0,23,8,24,22,0,0,28,0,6,40,26,31,19,14,0,0,0,0,29,38,3,10,0,0,0,0,0,0,0,0
0,40,25,2,0,0,0,12,0,20,0,1,5,0,3,19,0,7,22,0,34,0,0,0,10,6,37.5,0,0,0,0,37.5,16,35.5,0,24,35.5,33,0,0,17,32,26,0,13,31,0,28,9,23,21,0,0,11,0,8,41,27,30,18,14,0,0,0,0,29,39,4,15,0,0,0,0,0,0,0,0
0,34,25,2,0,0,0,17,0,21,0,1,9,0,3,18,0,7,22,0,33,0,0,19,13,5,0,0,0,0,0,0,11,37,0,26,0,35,0,0,15,32,28,0,12,29,38,23,8,27,20,0,0,10,0,6,39,24,31,16,0,0,0,0,0,30,36,4,14,0,0,0,0,0,0,0,0
0,40,28,2,0,0,0,19,0,22,0,1,8,0,3,16,0,7,21,0,33,0,0,20,12,4,37,0,0,0,0,36,11,35,0,25,38,34,0,0,17,30,24,0,14,32,0,27,9,23,15,0,0,10,0,5,41,26,31,18,0,0,0,0,0,29,39,6,13,0,0,0,0,0,0,0,0
0,40,24,2,0,0,0,12,0,19,0,1,9,0,5,17,0,6,20,0,32,0,0,18,10,3,0,0,0,0,0,37,15,35,0,27,38.5,33,0,0,16,34,23,0,13,28,38.5,25,7,26,22,0,0,11,0,8,41,29,31,21,0,0,0,0,0,30,36,4,14,0,0,0,0,0,0,0,0
0,38,26,2,0,0,0,13,0,18,0,1,7,0,3,19,0,6,20,0,32,0,0,17,14,5,0,0,0,0,0,0,12,33,0,23,36,35,0,0,16,34,25,0,10,30,39.5,27,9,28,22,39.5,0,11,0,8,41,24,31,21,0,0,0,0,0,29,37,4,15,0,0,0,0,0,0,0,0
0,40,25,2,8,0,0,16,0,22,0,1,5,0,4,20,0,7,24,0,33,0,0,18,13,3,0,0,0,0,0,38,14,36,0,23,37,34,0,0,15,30,27,0,12,32,39,29,9,28,21,0,0,11,0,10,41,26,31,19,0,0,0,0,0,35,0,6,17,0,0,0,0,0,0,0,0
0,39,24,2,7,0,0,17,0,21,0,1,5,0,6,16,0,8,27,0,35,0,0,23,15,4,0,0,0,0,0,38,14,0,0,22,36,34,0,0,18,32,26,0,12,31,37,29,10,25,20,0,0,11,0,9,40,28,33,19,0,0,0,0,0,30,0,3,13,0,0,0,0,0,0,0,0
0,39,25,2,7,0,0,17,0,22,0,1,6,0,3,18,0,8,26,0,32,0,0,21,14,4,38,0,0,0,0,0,13,37,0,23,36,35,0,0,16,33,24,0,12,30,0,27,10,29,20,0,0,9,0,11,40,28,34,19,0,0,0,0,0,31,0,5,15,0,0,0,0,0,0,0,0
0,41,27,2,8,0,0,17,0,25,0,1,6,0,4,21,0,7,24,0,33,0,0,18,13,5,0,0,0,0,0,39,15,35,0,20,37,36,0,0,16,31,28,0,12,30,38,29,9,26,19,40,0,11,0,10,42,22,34,23,0,0,0,0,0,32,0,3,14,0,0,0,0,0,0,0,0
0,34,29,2,6,0,0,17,0,21,0,1,7,0,3,18,0,10,23,0,35,0,0,19,14,4,0,0,0,0,0,0,12,36.5,0,26,36.5,0,0,0,16,32,28,0,15,31,38,27,8,24,20,0,0,9,0,11,39,25,30,22,0,0,0,0,0,33,0,5,13,0,0,0,0,0,0,0,0
0,34,29,2,5,0,0,15,0,21,0,1,12,0,3,18,0,7,23,0,35,0,0,19,14,6,0,0,0,0,0,0,13,37,0,28,0,36,0,0,17,33,32,0,11,27,38,25,8,26,22,0,0,9,0,10,39,24,31,20,0,0,0,0,0,30,0,4,16,0,0,0,0,0,0,0,0
0,40,27,2,8,0,0,17,0,21,0,1,4,0,3,20,0,9,25,0,32,0,0,19,13,7,38.5,0,0,0,0,0,14,35,0,24,36,33,0,0,16,34,29,0,11,30,38.5,28,10,26,22,0,0,12,0,6,41,23,31,18,0,0,0,0,0,37,0,5,15,0,0,0,0,0,0,0,0
0,36,28,2,5,0,0,18,0,21,0,1,7,0,4,20,0,6,23,0,32,0,0,19,14,9,0,0,0,0,0,0,15,38,0,25,37,34,0,0,17,35,22,0,13,29,0,30,11,27,26,0,0,10,0,8,39,24,33,16,0,0,0,0,0,31,0,3,12,0,0,0,0,0,0,0,0
0,38,27,2,3,0,0,16,0,19,0,1,8,0,4,18,0,6,26,0,34,0,0,22,13,5,0,0,0,0,0,0,14,36,0,23,37,35,0,0,15,33,28,0,12,30,0,29,9,25,21,0,0,10,0,11,39,24,32,20,0,0,0,0,0,31,0,7,17,0,0,0,0,0,0,0,0
0,38,26,2,6,0,0,17,0,16,0,1,5,0,4,19,0,8,25,0,33,0,0,20,14,7,0,0,0,0,0,0,13,36.5,0,24,0,34,0,0,18,35,28,0,12,31,39,29,11,23,22,0,36.5,10,0,9,40,27,32,21,0,0,0,0,0,30,0,3,15,0,0,0,0,0,0,0,0
0,36,29,2,6,0,0,17,0,19,0,1,7,0,3,16,0,8,25,0,34,0,0,22,13,5,0,0,0,0,0,0,14,38,0,24,37,32,0,0,18,33,26,0,12,30,0,28,11,27,21,39,0,10,0,9,40,23,35,20,0,0,0,0,0,31,0,4,15,0,0,0,0,0,0,0,0
0,39,30,2,5,0,0,15,0,20,0,1,8,0,3,18,0,7,22,0,31,0,0,23,14,6,0,0,0,0,0,0,13,35,0,24,37,34,0,0,17,33,26,0,12,29,0,27,10,25,19,38,0,9,0,11,40,28,36,21,0,0,0,0,0,32,0,4,16,0,0,0,0,0,0,0,0
0,39,22,2,5,0,0,14,0,18,0,1,6,0,3,20,0,8,25,0,35,0,0,23,16,7,37.5,0,0,0,0,0,13,34,0,24,36,33,0,0,17,31,27,0,10,30,0,29,11,26,19,37.5,0,12,0,9,41,28,40,21,0,0,0,0,0,32,0,4,15,0,0,0,0,0,0,0,0
0,40,25,2,5,0,0,18,0,19,0,1,3,0,6,17,0,7,27,0,34,0,0,23,14,9,37.5,0,0,0,0,36,12,39,0,22,0,35,0,0,16,33,29,0,13,31,37.5,28,10,24,21,0,0,8,0,11,41,26,32,20,0,0,0,0,0,30,0,4,15,0,0,0,0,0,0,0,0
0,40,24,2,6,0,0,15,0,18,0,1,3,0,5,19,0,10,25,0,32,0,0,21,16,7,38.5,0,0,0,0,0,13,36,0,23,35,34,0,0,17,33,29,0,12,30,41,28,11,26,22,38.5,0,9,0,8,42,27,31,20,0,0,0,0,0,37,0,4,14,0,0,0,0,0,0,0,0
0,39,23,2,5,0,0,15,0,21,0,1,6,0,3,18,0,8,25,0,33,0,0,22,17,11,37,0,0,0,0,0,13,38,0,24,35,36,0,0,14,32,30,0,12,29,40,28,10,26,20,0,0,7,0,9,41,27,34,19,0,0,0,0,0,31,0,4,16,0,0,0,0,0,0,0,0
0,40,25,2,6,0,0,17,0,21,0,1,9,0,4,20,0,7,24,0,36,0,0,19,15,5,38,0,0,0,0,37,13,35,0,26,39,34,0,0,16,29,30,0,12,31,0,27,11,23,18,0,0,10,0,8,41,28,32,22,0,0,0,0,0,33,0,3,14,0,0,0,0,0,0,0,0
0,38,24,2,5,0,0,16,0,20,0,1,6,0,3,18,0,8,27,0,34,0,0,19,17,9,0,0,0,0,0,0,13,35,0,26,37,36,0,0,14,32,31,0,12,29,0,28,10,23,22,0,0,7,0,11,39,25,33,21,0,0,0,0,0,30,0,4,15,0,0,0,0,0,0,0,0
0,37,25,2,3,0,0,17,0,20,0,1,8,0,5,19,0,7,23,0,32,0,0,18,15,6,0,0,0,0,0,39,13,36,0,26,38,35,0,0,14,33,28,0,12,30,0,29,10,27,21,40,0,9,0,11,41,24,34,22,0,0,0,0,0,31,0,4,16,0,0,0,0,0,0,0,0
0,38,28,2,10,0,0,14,0,19,0,1,4,0,3,18,0,7,30,0,32,0,0,22,17,8,0,0,0,0,0,0,13,35,0,24,0,34,0,0,16,33,27,0,12,29,37,26,6,23,20,0,0,9,0,11,39,25,36,21,0,0,0,0,0,31,0,5,15,0,0,0,0,0,0,0,0
0,38,27,2,7,0,0,18,0,19,0,1,5,0,4,17,0,8,24,0,31,0,0,20,14,6,0,0,0,0,0,36,15,37,0,26,0,35,0,0,16,33,29,0,11,30,0,28,12,23,21,0,0,10,0,9,39,25,34,22,0,0,0,0,0,32,0,3,13,0,0,0,0,0,0,0,0
0,33,22,2,4,0,0,18,0,19,0,1,3,0,6,16,0,8,24,0,31,0,0,20,14,7,39,0,0,0,0,35,15,39,0,25,39,34,0,0,17,37,28,0,12,32,0,29,11,27,23,0,41,9,0,10,42,26,36,21,0,0,0,0,0,30,0,5,13,0,0,0,0,0,0,0,0
0,33,21,2,5,0,0,17,0,19,0,1,7,0,4,22,0,6,23,0,34,0,0,18,16,9,0,0,0,0,0,0,13,0,0,29,0,36,0,0,15,30,28,0,11,32,37,26,12,25,24,0,0,10,0,8,38,27,35,20,0,0,0,0,0,31,0,3,14,0,0,0,0,0,0,0,0
0,34,25,2,4,0,0,13,0,19,0,1,7,0,3,18,0,8,26,0,31,0,0,22,17,9,0,0,0,0,0,38.5,14,38.5,0,27,35,37,0,0,15,32,24,0,10,36,0,29,11,23,21,0,0,6,0,12,40,28,33,20,0,0,0,0,0,30,0,5,16,0,0,0,0,0,0,0,0
0,31,22,2,6,0,0,17,0,21,0,1,7,0,3,19,0,5,25,0,33,0,0,18,15,8,0,0,0,0,0,0,14,38,0,26,36,37,0,0,16,35,28,0,9,30,0,27,11,24,20,0,0,10,0,12,39,29,32,23,0,0,0,0,0,34,0,4,13,0,0,0,0,0,0,0,0
0,36,24,2,7,0,0,14,0,17,0,1,5,0,4,20,0,6,25,0,33,0,0,21,18,10,0,0,19,0,0,0,15,38,0,27,39,37,0,0,16,32,29,0,11,34,0,30,12,26,23,0,40,8,0,9,41,28,35,22,0,0,0,0,0,31,0,3,13,0,0,0,0,0,0,0,0
0,33,22,2,5,0,0,16,0,24,0,1,3,0,4,18,0,9,26,0,32,0,0,19,17,7,0,0,20,0,0,39,14,40,0,25,38,37,0,0,15,34,29,0,12,31,0,30,8,28,21,0,0,11,0,10,41,27,36,23,0,0,0,0,0,35,0,6,13,0,0,0,0,0,0,0,0
0,41,24,2,4,0,0,15,0,20,0,1,6,0,3,19,0,7,25,0,33,0,0,23,17,9,42,0,18,0,0,40,13,37,0,26,36,39,0,0,16,35,27,0,10,31,38,29,12,28,22,0,0,8,0,11,43,30,34,21,0,0,0,0,0,32,0,5,14,0,0,0,0,0,0,0,0
0,40,20,2,6,0,0,17,0,19,0,1,9,0,3,21,0,4,27,0,33,0,0,24,16,7,0,0,18,37.5,0,0,14,36,0,26,35,34,0,0,13,39,29,0,10,30,37.5,28,11,25,23,0,0,8,0,12,42,31,41,22,0,0,0,0,0,32,0,5,15,0,0,0,0,0,0,0,0
0,37,21,2,5,0,0,13,0,27,0,1,7,0,3,20,0,6,28,0,32,0,0,19,17,9,39,0,18,0,0,0,15,38,0,24,35,34,0,0,14,40,29,0,10,31,0,30,12,26,23,0,0,8,0,11,41,25,36,22,0,0,0,0,0,33,0,4,16,0,0,0,0,0,0,0,0
0,35,23,2,7,0,0,15,0,20,0,1,5,0,4,22,0,6,26,0,30,0,0,21,19,9,0,0,17,0,0,37,14,38,0,27,36,0,0,0,16,41,32,0,12,33,40,29,10,25,18,39,0,8,0,11,42,28,34,24,0,0,0,0,0,31,0,3,13,0,0,0,0,0,0,0,0
0,37,22,2,7,0,0,16,0,19,0,1,6,0,3,18,0,4,25,0,33,0,0,23,17,10,0,0,20,0,0,0,14,35,0,30,0,36,0,0,15,34,28,0,9,32,0,31,12,24,26,0,0,8,0,11,39,27,38,21,0,0,0,0,0,29,0,5,13,0,0,0,0,0,0,0,0
"x"
"AGE",1.89078498293515
"Entropy",2.05460750853242
"externalCall_add",4.49488054607508
"expVariable_add",5
"Complexity",5.30588235294118
"static_add",5.72013651877133
"for_chg",5.82417582417582
"REXP",7.15789473684211
"LD",7.94610778443114
"throw_del",8.30034129692833
"NDEV",8.31914893617021
"EXP",8.57894736842105
"if_chg",9.81196581196581
"expVariable_del",9.83333333333333
"loop_del",10.0892857142857
"LA",10.2657342657343
"loop_add",12.9186602870813
"externalCall_del",13.1316725978648
"while_chg",13.2307692307692
"for_del",13.5409836065574
"continue_del",13.7107142857143
"if_del",14.7115384615385
"NTM",16.1666666666667
"if_add",16.4825174825175
"elseif_add",17.469964664311
"throws_add",18.5970695970696
"try_chg",18.8436363636364
"synchronized_chg",19.3770491803279
"SOL",19.901023890785
"for_add",20.3333333333333
"synchronized_add",20.6834532374101
"FN",20.7372013651877
"break_add",21.4459459459459
"NF",23.1694214876033
"case_add",23.3076923076923
"try_del",23.5
"final_add",23.5827814569536
"return_add",24.7368421052632
"else_add",26.9756097560976
"try_add",27.0704225352113
"throw_chg",27.663829787234
"expParameter_add",27.9301075268817
"ND",28.9863481228669
"synchronized_del",29.2577319587629
"case_del",30.4561855670103
"do_chg",31.2372881355932
"while_add",31.3680555555556
"switch_del",31.8333333333333
"catch_add",31.9208633093525
"expParameter_del",31.9241071428571
"return_del",32.054347826087
"case_chg",33.4764705882353
"else_chg",34.41
"final_del",35.2454545454545
"throw_add",35.3846153846154
"break_del",35.9042553191489
"throws_del",36.5
"static_del",36.9419795221843
"catch_del",37.195652173913
"finally_add",37.7
"else_del",39
